Station number,Station name,Region,rainfall,latitude,longitude,Elevation (m)
97085,MOUNT READ,TAS,34.4,-41.84,145.54,1120
97091,QUEENSTOWN (SOUTH QUEENSTOWN),TAS,24.6,-42.1,145.55,118
97072,STRAHAN AERODROME,TAS,20.8,-42.16,145.29,21
97024,WARRA,TAS,20.4,-43.06,146.7,495
97047,SAVAGE RIVER MINE,TAS,18.4,-41.49,145.21,352
91259,LUNCHEON HILL (FORESTRY),TAS,16.8,-41.15,145.15,344
91351,GLENGARRY (GINNS ROAD),TAS,16.6,-41.38,146.82,217
97054,ZEEHAN (WEST COAST PIONEERS MUSEUM),TAS,16.6,-41.88,145.34,175
97092,STRAHAN (ANDREW STREET),TAS,16.2,-42.15,145.32,10
96069,DERWENT BRIDGE,TAS,15,-42.13,146.22,727
91292,SMITHTON AERODROME,TAS,14.8,-40.83,145.08,8
91357,EDITH CREEK (BIRTHDAY CREEK),TAS,14.4,-40.98,145.09,50
95059,TIM SHEA (SUMMIT),TAS,13.4,-42.72,146.47,925
91223,MARRAWAH,TAS,13,-40.91,144.71,107
91321,LOONGANA (SERENDIPITY),TAS,12.2,-41.4,145.93,468
91338,MOUNT ARTHUR SUMMIT,TAS,12.2,-41.28,147.29,1180
97083,SCOTTS PEAK DAM,TAS,11.8,-43.04,146.27,408
91236,WESTBURY (BIRRALEE ROAD),TAS,11.6,-41.51,146.83,186
96003,BUTLERS GORGE,TAS,11,-42.28,146.28,667
97000,CAPE SORELL,TAS,10.6,-42.2,145.17,19
91109,YOLLA (SEA VIEW),TAS,10,-41.14,145.71,343
91364,BOAT HARBOUR,TAS,10,-40.93,145.6,184
92045,LARAPUNA (EDDYSTONE POINT),TAS,10,-40.99,148.35,20
91126,DEVONPORT AIRPORT,TAS,9.4,-41.17,146.43,8
91293,LOW HEAD,TAS,9.2,-41.05,146.79,3
91305,TARGA (MOUNTAIN VIEWS),TAS,9,-41.31,147.38,410
91194,MOUNT VICTORIA (UNA PLAIN),TAS,8.6,-41.35,147.8,710
85063,MOUNT BEST (UPPER TOORA),VIC,8.4,-38.61,146.32,235
90187,BOONAH,VIC,7.8,-38.41,143.98,410
91153,BARRINGTON POST OFFICE,TAS,7.4,-41.34,146.28,264
91107,WYNYARD AIRPORT,TAS,7.2,-41,145.73,12
94191,HARTZ MOUNTAIN (KEOGHS PIMPLE),TAS,7.2,-43.2,146.77,831
90021,COBDEN (POST OFFICE),VIC,7,-38.33,143.08,134
91100,THREE HUMMOCK ISLAND,TAS,6.6,-40.45,144.84,8
91331,KENNAOOK/CAPE GRIM,TAS,6.6,-40.68,144.69,86
91355,BURNIE (PARK GROVE),TAS,6.6,-41.05,145.88,99
94071,EAGLEHAWK NECK (JETTY ROAD),TAS,6.4,-43.02,147.91,12
90188,BENWERRIN,VIC,6.2,-38.48,143.91,-999
94231,LONGLEY (RIVER BEND ROAD),TAS,6.2,-42.96,147.2,237
91055,LORINNA,TAS,6,-41.54,146.14,259
91365,SPRENT,TAS,5.8,-41.26,146.16,270
94214,MOUNT DROMEDARY,TAS,5.8,-42.7,147.13,462
86373,RHYLL,VIC,5.2,-38.46,145.31,13
91219,SCOTTSDALE (WEST MINSTONE ROAD),TAS,5.2,-41.17,147.49,198
91366,JACKEYS MARSH,TAS,5.2,-41.68,146.68,489
94239,LESLIE VALE,TAS,5.2,-42.96,147.24,305
87162,GNARWARRE (BARWON RIVER AT POLLOCKSFORD),VIC,4.8,-38.14,144.19,40
85291,MOUNT BAW BAW,VIC,4.6,-37.84,146.27,1561
91267,MEANDER (MEANDER RIVER),TAS,4.6,-41.65,146.62,292
92123,SWAN ISLAND,TAS,4.6,-40.73,148.13,15
85099,POUND CREEK,VIC,4.4,-38.63,145.81,3
90183,HAINES JUNCTION (MOUNT SABINE),VIC,4.4,-38.63,143.73,583
91303,WESTWOOD BRIDGE (MEANDER RIVER),TAS,4.4,-41.52,147.03,137
94041,MAATSUYKER ISLAND LIGHTHOUSE,TAS,4.4,-43.66,146.27,147
85007,BALOOK,VIC,4.2,-38.43,146.54,585
90185,LORNE (MOUNT COWLEY),VIC,4,-38.55,143.86,657
91291,SHEFFIELD SCHOOL FARM,TAS,4,-41.39,146.32,277
91332,RAILTON (DOWBIGGIN STREET),TAS,4,-41.35,146.42,75
92111,UPPER ESK (SOUTH ESK RIVER),TAS,4,-41.43,147.72,362
91198,MOUNT BARROW (SOUTH BARROW),TAS,3.8,-41.39,147.42,1313
94020,DOVER,TAS,3.8,-43.33,147,20
90180,AIREYS INLET,VIC,3.4,-38.46,144.09,105
91260,STRATHBRIDGE (MEANDER RIVER),TAS,3.4,-41.49,146.9,160
91227,DELORAINE RAILWAY BRIDGE (MEANDER RIVER),TAS,3.2,-41.53,146.66,240
95003,BUSHY PARK (BUSHY PARK ESTATES),TAS,3.2,-42.71,146.9,27
96033,LIAWENEE,TAS,3.2,-41.9,146.67,1057
82076,DARTMOUTH RESERVOIR,VIC,3,-36.54,147.5,370
87184,BREAKWATER (GEELONG RACECOURSE),VIC,3,-38.17,144.38,13
90077,TERANG,VIC,3,-38.24,142.92,131
91266,KIMBERLEY (MERSEY RIVER),TAS,3,-41.4,146.5,60
95079,LACHLAN (WILLIAMS ROAD),TAS,3,-42.85,147.03,168
91271,NUNAMARA OFFTAKE (ST PATRICKS RIVER),TAS,2.8,-41.4,147.3,351
91311,LAUNCESTON AIRPORT,TAS,2.8,-41.55,147.22,167
91326,DEDDINGTON (NILE RIVER),TAS,2.8,-41.6,147.41,240
94179,JUDBURY (HUON RIVER),TAS,2.8,-43,146.93,21
94220,GROVE (RESEARCH STATION),TAS,2.8,-42.98,147.08,65
94248,SORELL (ABBATOIRS),TAS,2.8,-42.8,147.56,10
89018,LISMORE (POST OFFICE),VIC,2.6,-37.95,143.34,178
94125,MARGATE (SUNNYSIDE),TAS,2.6,-43.02,147.25,24
94155,TASMAN ISLAND,TAS,2.6,-43.24,148,240
94274,FERN TREE (WESTRINGA ROAD),TAS,2.6,-42.93,147.25,401
98000,CITY OF MELBOURNE BAY,TAS,2.6,-40.01,144.11,18
91263,CORRA LINN (NORTH ESK RIVER),TAS,2.4,-41.49,147.23,41
94254,DUNALLEY (STROUD POINT),TAS,2.4,-42.9,147.79,12
95048,OUSE FIRE STATION,TAS,2.4,-42.48,146.71,90
85310,YARRAGON SOUTH,VIC,2.2,-38.27,146.09,413
33302,MIRANI WEIR TW ALERT,QLD,2,-21.18,148.83,34
39352,BUNDABERG ALERT,QLD,2,-24.86,152.35,17
85096,WILSONS PROMONTORY LIGHTHOUSE,VIC,2,-39.13,146.42,95
90186,WARRNAMBOOL AIRPORT NDB,VIC,2,-38.29,142.45,71
94064,WATTLE HILL,TAS,2,-42.76,147.62,104
94087,KUNANYI (MOUNT WELLINGTON PINNACLE),TAS,2,-42.9,147.24,1261
83095,ANGLERS REST (BUNDARRAH VALLEY),VIC,1.8,-37,147.41,790
86213,ROSEBUD (COUNTRY CLUB),VIC,1.8,-38.38,144.9,20
90060,NULLAWARRE,VIC,1.8,-38.47,142.75,55
92109,UPPER BLESSINGTON,TAS,1.8,-41.46,147.57,440
92153,COPPING (YAXLEY ESTATE),TAS,1.8,-42.82,147.79,150
94022,FORT DIRECTION,TAS,1.8,-43.04,147.41,26
94172,TEA TREE (THE POINT),TAS,1.8,-42.65,147.36,345
94195,TUNNACK FIRE STATION,TAS,1.8,-42.45,147.46,462
95081,NEW NORFOLK (WEST),TAS,1.8,-42.78,147.03,10
300004,MACQUARIE ISLAND,ANT,1.8,-54.5,158.94,6
44233,BAKERS BEND AL,QLD,1.6,-26.71,146.11,261
86266,FERNY CREEK,VIC,1.6,-37.87,145.35,513
94204,TEA TREE POINT,TAS,1.6,-42.65,147.36,350
94275,CLIFTON BEACH (CAPE DESLACS),TAS,1.6,-42.97,147.53,10
200284,COCOS ISLAND AIRPORT,WA,1.6,-12.19,96.83,3
85308,THORPDALE PEAK,VIC,1.4,-38.31,146.21,360
85309,MOE SOUTH,VIC,1.4,-38.22,146.25,365
92020,LEWIS HILL (ST PAULS RIVER),TAS,1.4,-41.82,147.96,229
92079,TOOMS LAKE (TOOMS RIVER),TAS,1.4,-42.21,147.78,469
92158,NUGENT (TWILIGHT VALLEY TBRG),TAS,1.4,-42.72,147.75,318
93046,BIRRALEE CREEK,TAS,1.4,-42.31,147.57,390
85009,TRARALGON EPA,VIC,1.2,-38.2,146.53,-999
85151,YARRAM AIRPORT,VIC,1.2,-38.56,146.75,18
85307,JEERALANG NORTH,VIC,1.2,-38.35,146.44,606
93053,ROSS (THE BOULEVARDS),TAS,1.2,-42.03,147.5,186
98017,KING ISLAND AIRPORT,TAS,1.2,-39.88,143.89,35
32009,BINGIL BAY,QLD,1,-17.84,146.1,25
85289,MURDERERS HILL,VIC,1,-37.85,146.56,720
85313,NILMA NORTH (WARRAGUL),VIC,1,-38.13,145.99,134
87016,MOORABOOL RIVER AT MORRISONS,VIC,1,-37.77,144.1,-999
91325,HUMMOCKY HILLS,TAS,1,-41.73,147.24,477
91375,CRESSY (BRUMBYS CREEK),TAS,1,-41.71,147.08,152
93049,MOUNT SEYMOUR,TAS,1,-42.37,147.46,628
94212,CAMPANIA (KINCORA),TAS,1,-42.69,147.43,45
8304,MOASCAR,WA,0.8,-28.96,114.95,254
85280,MORWELL (LATROBE VALLEY AIRPORT),VIC,0.8,-38.21,146.47,56
86361,CERBERUS,VIC,0.8,-38.36,145.18,13
92154,LITTLE SWANPORT (LISDILLON FARM),TAS,0.8,-42.29,148,20
93044,LLEWELLYN (SOUTH ESK RIVER),TAS,0.8,-41.82,147.57,180
94143,MAURICETON (JORDAN RIVER),TAS,0.8,-42.53,147.12,149
96083,THE DEN,TAS,0.8,-41.98,147.05,526
300000,DAVIS,ANT,0.8,-68.57,77.97,18
86096,PRESTON RESERVOIR,VIC,0.6,-37.72,145.01,94
86104,SCORESBY RESEARCH INSTITUTE,VIC,0.6,-37.87,145.26,80
87043,MEREDITH (DARRA),VIC,0.6,-37.82,144.15,362
89002,BALLARAT AERODROME,VIC,0.6,-37.51,143.79,435
90175,PORT FAIRY AWS,VIC,0.6,-38.39,142.23,10
91237,LAUNCESTON (TI TREE BEND),TAS,0.6,-41.42,147.12,5
92146,LAKE LEAKE (FWS),TAS,0.6,-42.01,147.8,570
92157,TRIABUNNA (SALMONS FLATS),TAS,0.6,-42.51,147.9,13
93051,ROSS (MACQUARIE RIVER),TAS,0.6,-42.03,147.49,185
94182,BELOW CRAIGBOURNE DAM (COAL RIVER),TAS,0.6,-42.56,147.4,150
94198,CAPE BRUNY (CAPE BRUNY),TAS,0.6,-43.49,147.14,60
96038,VERWOOD (ISIS RIVER),TAS,0.6,-42.06,147.29,308
96081,POATINA,TAS,0.6,-41.8,146.96,312
32037,SOUTH JOHNSTONE EXP STN,QLD,0.4,-17.61,146,18
83085,MOUNT HOTHAM,VIC,0.4,-36.98,147.13,1849
85021,MOUNT USEFUL,VIC,0.4,-37.7,146.52,1440
86038,ESSENDON AIRPORT,VIC,0.4,-37.73,144.91,78
86068,VIEWBANK,VIC,0.4,-37.74,145.1,66
87168,SHE OAKS,VIC,0.4,-37.91,144.13,237
88071,BULLARTO SOUTH,VIC,0.4,-37.42,144.21,790
89084,WARRAMBINE CK AT WARRAMBINE,VIC,0.4,-37.93,143.87,180
90035,COLAC (MOUNT GELLIBRAND),VIC,0.4,-38.23,143.79,261
90167,WINCHELSEA (POST OFFICE),VIC,0.4,-38.24,143.99,85
90171,PORTLAND AIRPORT,VIC,0.4,-38.31,141.47,81
90176,MORTLAKE RACECOURSE,VIC,0.4,-38.07,142.77,130
92003,BICHENO (COUNCIL DEPOT),TAS,0.4,-41.87,148.3,11
92120,ST HELENS AERODROME,TAS,0.4,-41.34,148.28,48
92144,MONAMETA (MATHINNA RD),TAS,0.4,-41.55,147.99,250
92163,FINGAL (FLEMING ST),TAS,0.4,-41.64,147.98,255
94029,HOBART (ELLERSLIE ROAD),TAS,0.4,-42.89,147.33,51
94255,DENNES POINT,TAS,0.4,-43.06,147.36,6
99005,FLINDERS ISLAND AIRPORT,TAS,0.4,-40.09,148,9
200838,HOGAN ISLAND,TAS,0.4,-39.22,146.98,116
8202,BINDI BINDI NORTH,WA,0.2,-30.62,116.38,315
9037,BADGINGARRA RESEARCH STN,WA,0.2,-30.34,115.54,275
9573,MANJIMUP,WA,0.2,-34.25,116.15,287
9998,NORTH WALPOLE,WA,0.2,-34.95,116.72,73
12044,MUNGLINUP WEST,WA,0.2,-33.55,120.7,220
14142,PIRLANGIMPI AIRPORT,NT,0.2,-11.4,130.42,18
22823,CAPE BORDA,SA,0.2,-35.75,136.6,158
79101,PYRENEES (BEN NEVIS),VIC,0.2,-37.23,143.2,875
79103,GRAMPIANS (MOUNT WILLIAM),VIC,0.2,-37.3,142.6,1150
82140,LIMA EAST (CHARNWOOD),VIC,0.2,-36.85,145.94,340
82151,SEVEN CREEKS AT STRATHBOGIE,VIC,0.2,-36.86,145.73,470
83001,OVENS RIVER @ HARRIETVILLE,VIC,0.2,-36.88,147.06,-999
83024,MOUNT BULLER,VIC,0.2,-37.15,146.44,1707
85288,MOUNT TAMBORITHA,VIC,0.2,-37.47,146.69,1446
85303,REEVES KNOB,VIC,0.2,-37.53,147.01,-999
85314,EAST SALE AIRPORT,VIC,0.2,-38.1,147.14,5
86074,MITCHAM,VIC,0.2,-37.82,145.19,155
86338,MELBOURNE (OLYMPIC PARK),VIC,0.2,-37.83,144.98,8
88154,GLENBURN (HIGHWOOD TBRG),VIC,0.2,-37.39,145.48,313
90015,CAPE OTWAY LIGHTHOUSE,VIC,0.2,-38.86,143.51,80
90173,HAMILTON AIRPORT,VIC,0.2,-37.65,142.06,241
90182,CASTERTON,VIC,0.2,-37.58,141.33,131
92149,GRINDSTONE POINT,TAS,0.2,-42.45,147.98,10
92155,BUCKLAND (BROCKLEY ROAD),TAS,0.2,-42.58,147.78,77
93052,MOUNT MORRISTON (MACQUARIE RIVER),TAS,0.2,-42.16,147.58,218
94250,HOBART AIRPORT,TAS,0.2,-42.83,147.51,2
95046,BOTHWELL (CLYDE RIVER),TAS,0.2,-42.38,147,350
96070,HERMITAGE (SHANNON RIVER),TAS,0.2,-42.26,146.88,500
18079,STREAKY BAY,SA,0.1,-32.81,134.2,45
83091,JAMIESON LICOLA RD,VIC,0.1,-37.3,146.15,340
1006,WYNDHAM AERO,WA,0,-15.51,128.15,4
1007,TROUGHTON ISLAND,WA,0,-13.75,126.15,6
1019,KALUMBURU,WA,0,-14.3,126.65,23
1020,TRUSCOTT,WA,0,-14.09,126.39,51
1024,ELLENBRAE,WA,0,-15.96,127.06,300
1025,DOONGAN,WA,0,-15.38,126.31,385
1035,PARRY CREEK FARM,WA,0,-15.6,128.28,20
2009,GIBB RIVER,WA,0,-16.42,126.44,488
2021,MOUNT AMHURST,WA,0,-18.39,126.99,300
2022,MOUNT WINIFRED,WA,0,-18.02,126.3,180
2030,YULMBU,WA,0,-17.3,126.92,450
2036,OLD MORNINGTON HOMESTEAD,WA,0,-17.39,126.23,280
2043,MOUNT KRAUSS,WA,0,-18.34,126.12,160
2051,BILLILUNA,WA,0,-19.56,127.67,305
2053,LANSDOWNE,WA,0,-17.61,126.74,400
2056,KUNUNURRA AERO,WA,0,-15.78,128.71,44
2068,MARION DOWNS,WA,0,-17.07,126.85,460
2072,BEDFORD DOWNS AIRSTRIP,WA,0,-17.28,127.46,531
2073,MARGARET RIVER AIRSTRIP,WA,0,-18.62,126.88,270
2074,MOOLA BULLA AIRSTRIP,WA,0,-18.2,127.49,440
2077,SIDDINS CREEK,WA,0,-16.92,126.55,410
2078,LARRAWA AIRFIELD,WA,0,-18.83,126.53,270
2079,HALLS CREEK AIRPORT,WA,0,-18.23,127.67,409
3003,BROOME AIRPORT,WA,0,-17.95,122.24,7
3032,DERBY AERO,WA,0,-17.37,123.66,6
3051,MOUNT BARNETT,WA,0,-16.74,125.91,401
3052,MOUNT HART STATION,WA,0,-16.82,124.92,190
3057,CYGNET BAY,WA,0,-16.45,123.01,7
3080,CURTIN AERO,WA,0,-17.58,123.83,78
3093,FITZROY CROSSING AERO,WA,0,-18.18,125.56,115
3094,WINDJANA GORGE,WA,0,-17.42,124.92,95
3098,MOUNT HOUSE AIRSTRIP,WA,0,-17.05,125.71,270
3099,LEOPOLD DOWNS TBRG,WA,0,-17.75,125.38,220
3101,DAMPIER DOWNS AIRSTRIP,WA,0,-18.51,123.47,140
3108,YAMPI SOUND (DEFENCE),WA,0,-16.77,123.98,41
4019,MANDORA,WA,0,-19.74,120.84,8
4032,PORT HEDLAND AIRPORT,WA,0,-20.37,118.63,6
4083,KARRATHA AERO,WA,0,-20.71,116.77,5
4090,ROEBOURNE AERO,WA,0,-20.76,117.16,11
4106,MARBLE BAR,WA,0,-21.18,119.75,182
5007,LEARMONTH AIRPORT,WA,0,-22.24,114.1,5
5008,MARDIE,WA,0,-21.19,115.98,11
5017,ONSLOW AIRPORT,WA,0,-21.67,115.11,11
5051,EXMOUTH TOWN,WA,0,-21.93,114.13,13
5084,THEVENARD ISLAND,WA,0,-21.46,115.02,5
5094,BARROW ISLAND AIRPORT,WA,0,-20.87,115.41,6
5098,KARIJINI NORTH,WA,0,-22.3,118.45,474
6011,CARNARVON AIRPORT,WA,0,-24.89,113.67,4
6104,MINNIE CREEK AIRSTRIP,WA,0,-24.03,115.69,276
6105,SHARK BAY AIRPORT,WA,0,-25.89,113.58,34
6111,WINDERIE AIRSTRIP,WA,0,-25.31,115.15,200
6112,LYONS RIVER AIRSTRIP,WA,0,-24.62,115.33,198
6113,BULLARDOO TBRG,WA,0,-27.86,115.67,299
7008,BRYAH,WA,0,-25.51,118.8,550
7045,MEEKATHARRA AIRPORT,WA,0,-26.61,118.54,517
7139,PAYNES FIND,WA,0,-29.27,117.68,339
7176,NEWMAN AERO,WA,0,-23.42,119.8,524
7185,PARABURDOO AERO,WA,0,-23.17,117.75,424
7207,LANDOR AIRSTRIP,WA,0,-25.13,116.94,385
7208,MOUNT AUGUSTUS AIRSTRIP,WA,0,-24.31,116.91,389
7209,COBRA AIRSTRIP,WA,0,-24.2,116.48,373
7210,BURRINGURRAH AIRSTRIP,WA,0,-24.63,116.95,454
7211,DALGETY DOWNS AIRSTRIP,WA,0,-25.27,116.22,307
7212,GINGINJIBBY,WA,0,-24.61,117.65,-999
7501,NARLOO,WA,0,-27.88,116.26,337
7502,GREENOUGH RVR TBRG @ YUIN,WA,0,-27.98,116.03,290
7600,MOUNT MAGNET AERO,WA,0,-28.12,117.84,407
8095,MULLEWA,WA,0,-28.54,115.51,268
8137,WONGAN HILLS,WA,0,-30.89,116.72,283
8237,TENINDEWA,WA,0,-28.69,115.28,260
8251,KALBARRI,WA,0,-27.71,114.17,6
8290,NORTH ISLAND,WA,0,-28.3,113.59,2
8296,MORAWA AIRPORT,WA,0,-29.2,116.02,271
8297,DALWALLINU,WA,0,-30.28,116.67,325
8298,TIBRADDEN,WA,0,-28.76,114.94,265
8299,ARRADALE,WA,0,-29.11,115.32,270
8300,TABLETOP,WA,0,-29.07,115.09,240
8301,BARBERTON EAST,WA,0,-30.75,116.13,325
8302,WONGAN HILLS NORTH,WA,0,-30.85,116.72,341
8307,COOLANGATTA ALERT,WA,0,-28.89,115.44,260
8308,TARDUN HILL,WA,0,-28.8,115.76,340
8309,BELLENDAINE,WA,0,-29.3,115.66,240
8310,SOUTH HOLMWOOD ALERT,WA,0,-29.03,115.55,260
8315,GERALDTON AIRPORT,WA,0,-28.8,114.7,30
8316,YALLALIE BASIN,WA,0,-30.38,115.85,274
8317,ANRO TBRG,WA,0,-30.36,116.29,320
8318,MINDALLA TBRG,WA,0,-30.42,116.46,300
8320,DAISY DOWNS,WA,0,-28.38,115.46,294
8321,TALLERING TBRG,WA,0,-28.38,115.85,319
9021,PERTH AIRPORT,WA,0,-31.93,115.98,15
9023,JARRAHDALE,WA,0,-32.33,116.08,240
9039,SERPENTINE,WA,0,-32.35,116.01,120
9053,PEARCE RAAF,WA,0,-31.67,116.02,40
9066,GIDGEGANNUP,WA,0,-31.79,116.2,290
9111,KARNET,WA,0,-32.44,116.08,286
9172,JANDAKOT AERO,WA,0,-32.1,115.88,30
9178,GINGIN AERO,WA,0,-31.46,115.86,73
9193,ROTTNEST ISLAND,WA,0,-32.01,115.5,43
9215,SWANBOURNE,WA,0,-31.96,115.76,41
9225,PERTH METRO,WA,0,-31.92,115.87,25
9240,BICKLEY,WA,0,-32.01,116.14,384
9248,MOONDAH BROOK,WA,0,-31.33,115.95,113
9256,GARDEN ISLAND HSF,WA,0,-32.24,115.68,6
9260,MOUNT SOLUS,WA,0,-32.47,116.21,574
9268,JULIMAR FOREST,WA,0,-31.46,116.37,342
9271,BUNGENDORE,WA,0,-32.19,116.06,200
9274,MINSTON PARK,WA,0,-31.26,116.13,298
9275,MUCHEA,WA,0,-31.59,115.97,60
9277,LAKE CHITTERING,WA,0,-31.43,116.09,130
9278,YOONGARILLUP TBRG,WA,0,-33.74,115.47,54
9279,CANTERBURY,WA,0,-31,116.23,304
9280,LANCELIN (DEFENCE),WA,0,-30.84,115.23,3
9281,MILLENDON (SWAN VALLEY),WA,0,-31.81,116.02,16
9500,ALBANY,WA,0,-35.03,117.88,3
9518,CAPE LEEUWIN,WA,0,-34.37,115.14,13
9519,CAPE NATURALISTE,WA,0,-33.54,115.02,109
9542,ESPERANCE AERO,WA,0,-33.68,121.83,142
9603,BUSSELTON AERO,WA,0,-33.68,115.4,16
9617,BRIDGETOWN,WA,0,-33.95,116.13,179
9635,FRANKLAND,WA,0,-34.36,117.08,230
9769,CULFORD,WA,0,-32.57,116.44,335
9776,ASTON DOWNS ALERT,WA,0,-33.79,115.32,80
9789,ESPERANCE,WA,0,-33.83,121.89,25
9842,JARRAHWOOD,WA,0,-33.8,115.67,130
9871,WINDY HARBOUR,WA,0,-34.84,116.03,5
9877,LUDLOW,WA,0,-33.6,115.5,15
9961,HOPETOUN NORTH,WA,0,-33.93,120.13,26
9964,ROCKY GULLY,WA,0,-34.57,117.01,250
9965,BUNBURY,WA,0,-33.36,115.64,5
9968,SHANNON,WA,0,-34.57,116.34,210
9971,ACTON PARK,WA,0,-33.78,115.41,120
9976,PINJARRA SOUTH,WA,0,-32.65,115.86,13
9977,MANDURAH,WA,0,-32.52,115.71,3
9978,JINDONG,WA,0,-33.76,115.21,42
9982,HENTY BROOK,WA,0,-33.39,115.85,240
9987,PAYNEDALE ALERT,WA,0,-33.64,115.7,100
9988,HAPPY VALLEY,WA,0,-33.68,115.62,100
9989,THOMSON BROOK,WA,0,-33.65,115.96,260
9990,BOYANUP NORTH,WA,0,-33.48,115.74,43
9991,DONNYBROOK EAST,WA,0,-33.57,115.84,120
9992,CAPEL NORTH,WA,0,-33.54,115.55,20
9994,COLLIE EAST,WA,0,-33.36,116.17,200
9997,RAVENSCLIFFE ALERT,WA,0,-33.76,115.84,200
9999,ALBANY AIRPORT,WA,0,-34.94,117.82,68
10000,AMERY ACRES,WA,0,-31.17,117.07,340
10007,BENCUBBIN,WA,0,-30.81,117.86,359
10031,YORKRAKINE TBRG,WA,0,-31.37,117.59,300
10064,BOLGART BIN,WA,0,-31.27,116.51,240
10089,LONG FOREST,WA,0,-31.35,116.65,299
10092,MERREDIN,WA,0,-31.48,118.28,315
10111,NORTHAM,WA,0,-31.65,116.66,170
10129,MOUNT NODDY,WA,0,-31.59,116.89,-999
10132,MOUNT HARDEY,WA,0,-31.92,116.82,283
10230,WAEEL,WA,0,-31.62,117.06,-999
10245,BERRING,WA,0,-31.3,116.9,257
10286,CUNDERDIN AIRFIELD,WA,0,-31.62,117.22,217
10307,QUADNEY,WA,0,-31.79,116.63,310
10308,TOODYAY EAST,WA,0,-31.55,116.49,150
10310,WERRIBEE,WA,0,-31.77,116.33,295
10311,YORK,WA,0,-31.9,116.77,179
10511,WICKEPIN SOUTH,WA,0,-32.8,117.5,380
10515,BEVERLEY,WA,0,-32.11,116.92,199
10524,BROOKTON,WA,0,-32.37,117.01,250
10527,BULYEE,WA,0,-32.37,117.52,264
10556,COONDEE,WA,0,-32.48,116.81,262
10568,HYDEN,WA,0,-32.44,118.9,299
10582,KOJONUP,WA,0,-33.83,117.16,305
10614,NARROGIN,WA,0,-32.93,117.18,338
10626,PINGELLY,WA,0,-32.53,117.08,297
10692,NEWDEGATE RESEARCH STATION,WA,0,-33.11,118.84,320
10905,JACUP,WA,0,-33.89,119.11,305
10908,YANGEDINE,WA,0,-32.03,116.87,260
10911,LAKE GRACE,WA,0,-33.1,118.46,286
10912,YEALERING EAST,WA,0,-32.59,117.64,286
10916,KATANNING,WA,0,-33.69,117.61,320
10917,WANDERING,WA,0,-32.67,116.67,275
10919,WILGARRA,WA,0,-32.69,116.61,399
10920,MOUNT WESTDALE,WA,0,-32.27,116.67,360
10923,WILLIAMS NORTH,WA,0,-33,116.85,298
11003,EUCLA,WA,0,-31.68,128.9,93
11019,EYRE,WA,0,-32.25,126.3,6
11052,FORREST,WA,0,-30.85,128.11,159
12009,NORSEMAN AERO,WA,0,-32.21,121.75,263
12038,KALGOORLIE-BOULDER AIRPORT,WA,0,-30.78,121.45,365
12071,SALMON GUMS RES.STN.,WA,0,-32.99,121.62,249
12239,BULGA DOWNS,WA,0,-28.5,119.74,439
12241,LEONORA AERO,WA,0,-28.88,121.32,370
12305,LAVERTON AERO,WA,0,-28.61,122.42,464
12314,LEINSTER AERO,WA,0,-27.84,120.7,497
12320,SOUTHERN CROSS AIRFIELD,WA,0,-31.24,119.36,347
13011,WARBURTON AIRFIELD,WA,0,-26.13,126.58,459
13015,CARNEGIE,WA,0,-25.8,122.98,448
13017,GILES METEOROLOGICAL OFFICE,WA,0,-25.03,128.3,598
13030,TELFER AERO,WA,0,-21.71,122.23,292
13044,WILUNA AERO,WA,0,-26.63,120.22,502
14015,DARWIN AIRPORT,NT,0,-12.42,130.89,30
14031,CHARLES POINT,NT,0,-12.39,130.63,14
14041,MIDDLE POINT,NT,0,-12.61,131.3,14
14055,UPPER ADELAIDE RIVER,NT,0,-13.48,131.12,206
14059,FOELSCHE HEADLAND,NT,0,-14.08,131.81,203
14062,EDITH FALLS RIDGE,NT,0,-14.14,132.19,242
14144,MARRARA,NT,0,-12.4,130.88,16
14198,JABIRU AIRPORT,NT,0,-12.66,132.89,27
14224,WANDIE CREEK,NT,0,-13.81,132.2,179
14246,LEANYER,NT,0,-12.38,130.91,10
14254,POINT STUART,NT,0,-12.24,131.88,1
14272,BATCHELOR AIRPORT,NT,0,-13.05,131.03,104
14274,MCCLUER ISLAND,NT,0,-11.05,132.98,1
14277,DUM IN MIRRIE AIRSTRIP,NT,0,-12.64,130.37,4
14299,NGUKURR AIRPORT,NT,0,-14.72,134.75,15
14306,MERLIN MINE,NT,0,-16.82,136.33,190
14308,CROKER ISLAND AIRPORT,NT,0,-11.16,132.48,9
14309,MURGANELLA AIRSTRIP,NT,0,-11.55,132.93,10
14310,OENPELLI AIRPORT,NT,0,-12.33,133.01,8
14314,NOONAMAH AIRSTRIP,NT,0,-12.61,131.05,18
14318,EAST POINT,NT,0,-12.41,130.83,7
14401,WARRUWI AIRPORT,NT,0,-11.65,133.38,19
14404,MILINGIMBI AIRPORT,NT,0,-12.09,134.89,15
14405,MANINGRIDA AIRPORT,NT,0,-12.06,134.23,28
14412,GOVE AIRPORT,NT,0,-12.27,136.82,54
14517,NGAYAWILI,NT,0,-12,135.57,8
14518,GROOTE EYLANDT AIRPORT,NT,0,-13.97,136.46,14
14626,DALY WATERS AIRSTRIP,NT,0,-16.26,133.38,210
14627,BULMAN,NT,0,-13.67,134.34,103
14648,WEST WATERHOUSE,NT,0,-14.14,133.11,322
14651,SNOWDROP CREEK,NT,0,-13.83,133.33,384
14652,MARANBOY HILL,NT,0,-14.53,132.8,232
14653,CONWAYS,NT,0,-14.26,133.59,136
14654,CENTRAL WATERHOUSE,NT,0,-14.33,133.12,221
14703,CENTRE ISLAND,NT,0,-15.74,136.82,12
14704,MCARTHUR RIVER MINE AIRPORT,NT,0,-16.44,136.08,40
14723,BORROLOOLA AIRPORT,NT,0,-16.08,136.3,16
14730,UPPER WATERHOUSE RIVER,NT,0,-14.11,133.34,262
14806,BIRRIMBA,NT,0,-16.42,132.09,209
14808,BRADSHAW - ANGALLARI VALLEY (DEFENCE),NT,0,-15.44,130.57,60
14816,OLD DELAMERE,NT,0,-15.74,131.53,102
14825,VICTORIA RIVER DOWNS,NT,0,-16.4,131.01,89
14829,LAJAMANU AIRPORT,NT,0,-18.33,130.64,316
14830,CATTLE CREEK,NT,0,-17.6,131.54,189
14854,SUNSHINE BORE,NT,0,-17.86,130.88,250
14866,UPPER VICTORIA RIVER,NT,0,-17.61,130.07,406
14867,UPPER WICKHAM RIVER,NT,0,-16.96,130.57,242
14901,DOUGLAS RIVER RESEARCH FARM,NT,0,-13.83,131.19,43
14906,FISH RIVER,NT,0,-14.19,130.88,87
14909,CENTRAL ARNHEM PLATEAU,NT,0,-13.33,133.09,416
14932,TINDAL RAAF,NT,0,-14.52,132.38,134
14947,UPPER FERGUSSON RIVER,NT,0,-14.01,132.21,186
14948,PORT KEATS AIRPORT,NT,0,-14.25,129.53,28
14949,DELAMERE WEAPONS RANGE,NT,0,-15.74,131.92,221
14950,MOUNT FELIX,NT,0,-14.12,132.64,292
14954,BRADSHAW,NT,0,-14.94,130.81,75
14962,YEURALBA RIDGE,NT,0,-14.25,132.74,282
14965,UPPER SEVENTEEN MILE CREEK,NT,0,-14.19,132.4,220
14966,NITMILUK RIDGE,NT,0,-14.31,132.42,212
14970,FANNY CREEK,NT,0,-14.11,132.9,218
14972,MOUNT STOW,NT,0,-13.85,132.65,322
14981,BRADSHAW - KOOLENDONG VALLEY (DEFENCE),NT,0,-15.19,130.12,42
14982,KANGAROO FLATS (DEFENCE),NT,0,-12.79,130.85,50
14983,MOUNT BUNDEY NORTH (DEFENCE),NT,0,-12.91,131.87,83
14984,MOUNT BUNDEY SOUTH (DEFENCE),NT,0,-13.09,131.85,55
14986,HAYWARD CREEK (TIPPERARY),NT,0,-13.67,130.88,-999
14988,KNUCKEY LAGOON,NT,0,-12.44,130.96,32
15131,ELLIOTT,NT,0,-17.56,133.54,220
15135,TENNANT CREEK AIRPORT,NT,0,-19.64,134.18,376
15511,CURTIN SPRINGS,NT,0,-25.31,131.76,490
15531,HERMANNSBURG,NT,0,-23.95,132.77,565
15590,ALICE SPRINGS AIRPORT,NT,0,-23.8,133.89,546
15602,JERVOIS,NT,0,-22.95,136.14,328
15635,YULARA AIRPORT,NT,0,-25.19,130.97,492
15652,WATARRKA,NT,0,-24.29,131.55,614
15664,WALUNGURRU AIRPORT,NT,0,-23.27,129.38,454
16001,WOOMERA AERODROME,SA,0,-31.16,136.81,167
16065,ANDAMOOKA,SA,0,-30.45,137.17,76
16067,MOUNT IVE,SA,0,-32.44,136.07,177
16090,COOBER PEDY AIRPORT,SA,0,-29.03,134.72,225
16096,ROXBY DOWNS (OLYMPIC DAM AERODROME),SA,0,-30.49,136.87,99
16097,ERNABELLA (PUKATJA),SA,0,-26.26,132.18,703
16098,TARCOOLA AERO,SA,0,-30.71,134.58,123
17043,OODNADATTA AIRPORT,SA,0,-27.56,135.45,117
17055,MARREE (WITCHELINA STATION),SA,0,-30.02,138.04,165
17099,ARKAROOLA,SA,0,-30.31,139.34,318
17110,LEIGH CREEK AIRPORT,SA,0,-30.6,138.42,259
17123,MOOMBA AIRPORT,SA,0,-28.1,140.2,38
17126,MARREE AERO,SA,0,-29.66,138.07,50
18012,CEDUNA AMO,SA,0,-32.13,133.7,15
18014,CLEVE,SA,0,-33.7,136.49,193
18040,KIMBA,SA,0,-33.14,136.41,280
18044,KYANCUTTA,SA,0,-33.13,135.55,59
18069,ELLISTON,SA,0,-33.65,134.89,7
18083,WUDINNA AERO,SA,0,-33.04,135.45,86
18106,NULLARBOR,SA,0,-31.45,130.9,64
18116,CLEVE AERODROME,SA,0,-33.71,136.5,175
18120,WHYALLA AERO,SA,0,-33.05,137.52,9
18192,NORTH SHIELDS (PORT LINCOLN AWS),SA,0,-34.6,135.88,9
18195,MINNIPA PIRSA,SA,0,-32.84,135.15,165
18201,PORT AUGUSTA AERO,SA,0,-32.51,137.72,14
18217,CUMMINS AERO,SA,0,-34.25,135.71,60
18229,CULTANA (DEFENCE),SA,0,-32.68,137.37,171
18230,COFFIN BAY (POINT AVOID),SA,0,-34.68,135.34,35
19017,HAWKER,SA,0,-31.9,138.44,340
20028,GLUEPOT RESERVE (GLUEPOT),SA,0,-33.76,140.13,57
21127,SEVENHILL,SA,0,-33.88,138.64,480
21131,CLARE HIGH SCHOOL,SA,0,-33.82,138.59,395
21133,SNOWTOWN (RAYVILLE PARK),SA,0,-33.77,138.22,109
21139,PORT PIRIE AERODROME AWS,SA,0,-33.24,138,12
21140,WATERLOO EAST (SCHUTZ ROAD),SA,0,-34,138.91,498
22014,PORT VINCENT,SA,0,-34.78,137.86,8
22031,MINLATON AERO,SA,0,-34.75,137.53,32
22046,EDITHBURGH,SA,0,-35.11,137.74,6
22049,STENHOUSE BAY,SA,0,-35.28,136.94,42
22050,KADINA AWS,SA,0,-33.97,137.66,41
22055,CURRAMULKA NORTH RNDSUP,SA,0,-34.65,137.73,162
22056,MAITLAND (CARINYA RNDSUP),SA,0,-34.4,137.72,202
22803,CAPE WILLOUGHBY,SA,0,-35.84,138.13,55
22841,KINGSCOTE AERO,SA,0,-35.71,137.52,6
22843,PARNDANA CFS AWS,SA,0,-35.79,137.25,165
23000,ADELAIDE (WEST TERRACE / NGAYIRDAPIRA),SA,0,-34.93,138.58,29
23013,PARAFIELD AIRPORT,SA,0,-34.8,138.63,10
23034,ADELAIDE AIRPORT M.O.,SA,0,-34.95,138.52,2
23042,BURNSIDE,SA,0,-34.94,138.66,-999
23043,HALBURY ROAD SALISBURY (HALBURY ROAD),SA,0,-34.76,138.63,25
23055,ADELAIDE AIRPORT ALERT,SA,0,-34.95,138.52,2
23083,EDINBURGH RAAF,SA,0,-34.71,138.62,17
23085,ROSSLYN PARK (SEAVIEW),SA,0,-34.92,138.68,179
23101,FELIXSTOW (PAYNEHAM),SA,0,-34.89,138.64,45
23105,BROWNHILL CREEK (SCOTCH COLLEGE),SA,0,-34.98,138.62,116
23107,GAWLER,SA,0,-34.6,138.74,40
23108,LONGWOOD ALERT,SA,0,-35.05,138.73,458
23114,BEAUMONT,SA,0,-34.95,138.66,225
23122,ROSEWORTHY AWS,SA,0,-34.51,138.68,65
23128,BALAKLAVA (DONALEEN RNDSUP),SA,0,-34.2,138.6,260
23129,MALLALA (DOLAGHANS CROSSING RNDSUP),SA,0,-34.46,138.56,42
23133,GREENACRES,SA,0,-34.87,138.64,66
23135,HAMLEY BRIDGE,SA,0,-34.37,138.67,113
23137,REGENCY PARK,SA,0,-34.87,138.57,10
23143,MORPHETTVILLE,SA,0,-34.98,138.54,17
23146,STEINGARTEN VINEYARD (STEINGARTEN),SA,0,-34.6,138.96,463
23147,MINTARO (MOUNT HORROCKS),SA,0,-33.93,138.68,601
23154,ADELAIDE AIRPORT,SA,0,-34.95,138.53,3
23348,SHEA-OAK LOG (GREENOCK CREEK),SA,0,-34.51,138.84,140
23349,SADDLEWORTH (GUMDALE),SA,0,-34.09,138.79,337
23357,NURIOOTPA,SA,0,-34.47,139,270
23365,TARLEE WEST (HAZELTON),SA,0,-34.23,138.7,270
23369,GREENOCK ALERT,SA,0,-34.46,138.92,295
23372,BAROSSA VALLEY (DUCKPONDS CREEK),SA,0,-34.45,139.06,352
23373,NURIOOTPA PIRSA,SA,0,-34.48,139.01,275
23374,HANSBOROUGH,SA,0,-34.25,139.02,341
23379,MOUNT RUFUS (DUTTON),SA,0,-34.31,139.12,512
23380,KAPUNDA WEST (KAPLEE),SA,0,-34.3,138.85,391
23381,NGAPALA,SA,0,-34.06,139.01,509
23382,ANGASTON (MILTON PARK (CORNBROOK)),SA,0,-34.5,139.08,356
23383,GOMERSAL (WOODBRIDGE),SA,0,-34.54,138.91,217
23705,BIRDWOOD,SA,0,-34.8,138.95,389
23720,HAHNDORF,SA,0,-35.02,138.81,341
23733,MOUNT BARKER,SA,0,-35.07,138.85,359
23786,BIRDWOOD (MCVITTIE\'S HILL),SA,0,-34.83,139.01,484
23787,BALHANNAH (GUMBOOYA),SA,0,-35.02,138.86,406
23801,LENSWOOD,SA,0,-34.95,138.81,480
23804,VICTOR HARBOR (ENCOUNTER BAY),SA,0,-35.55,138.6,8
23842,MOUNT LOFTY,SA,0,-34.98,138.71,685
23846,BELAIR,SA,0,-35,138.66,480
23858,GOULD CREEK (HERMITAGE),SA,0,-34.76,138.78,350
23860,LONG RIDGE (GREENHILL),SA,0,-34.95,138.68,375
23862,LOBETHAL (GRAEBER),SA,0,-34.91,138.88,432
23863,KANMANTOO (MILLBRAE),SA,0,-35.02,139,252
23865,LENSWOOD (STRINGYBARK),SA,0,-34.89,138.81,547
23866,VERDUN,SA,0,-35.01,138.8,315
23867,ASHTON,SA,0,-34.93,138.75,496
23873,CRAFERS WEST,SA,0,-34.99,138.69,570
23875,PARAWA (SECOND VALLEY FOREST AWS),SA,0,-35.57,138.29,341
23877,KERSBROOK,SA,0,-34.79,138.87,350
23878,MOUNT CRAWFORD AWS,SA,0,-34.73,138.93,525
23879,CUDLEE CREEK (ODEA ROAD),SA,0,-34.85,138.88,492
23880,IRONSTONE ROAD,SA,0,-34.76,138.93,440
23881,CROMER ROAD,SA,0,-34.77,139.01,455
23882,LOBETHAL (MAIDMENT ROAD),SA,0,-34.87,138.91,497
23885,NOARLUNGA,SA,0,-35.16,138.51,55
23887,KUITPO FOREST RESERVE,SA,0,-35.17,138.68,365
23890,BELAIR (ST JOHNS),SA,0,-35,138.62,316
23892,MONTACUTE,SA,0,-34.89,138.76,312
23894,HINDMARSH ISLAND AWS,SA,0,-35.52,138.82,11
23896,ATHELSTONE (BLACK HILL ALERT),SA,0,-34.88,138.71,238
23905,URAIDLA (SUTTON CREEK),SA,0,-34.97,138.74,483
23910,KANGARILLA (SADDLEBAGS),SA,0,-35.13,138.69,385
23911,MYLOR (BIGGS FLAT),SA,0,-35.06,138.76,312
23916,BELLEVUE HEIGHTS,SA,0,-35.03,138.59,210
23920,WOODSIDE (WICKS ESTATE),SA,0,-34.96,138.87,348
23921,MT BOLD (SCOTT CREEK ALERT),SA,0,-35.1,138.67,220
23922,FORRESTON ALERT,SA,0,-34.79,138.9,392
24024,LOXTON RESEARCH CENTRE,SA,0,-34.44,140.6,30
24048,RENMARK AERO,SA,0,-34.2,140.68,32
24504,BOWER,SA,0,-34.12,139.36,115
24511,EUDUNDA,SA,0,-34.18,139.09,420
24521,MURRAY BRIDGE,SA,0,-35.12,139.26,33
24530,SEDAN (SANDLETON),SA,0,-34.46,139.36,78
24575,KEYNETON (SEDAN HILL RNDSUP),SA,0,-34.54,139.19,462
24579,MT TORRENS,SA,0,-34.88,138.97,520
24580,STRATHALBYN RACECOURSE,SA,0,-35.28,138.89,58
24583,WOODSIDE (INVERBRACKIE),SA,0,-34.95,138.93,447
24584,MURRAY BRIDGE (PALLAMANA AERODROME),SA,0,-35.07,139.23,45
24585,SWAN REACH (PONDEROSA RNDSUP),SA,0,-34.51,139.53,82
24586,MOUNT MARY RNDSUP,SA,0,-34.13,139.42,100
24590,MOUNT PLEASANT WTP,SA,0,-34.8,139.05,475
24591,HARROGATE (MOUNT BEEVOR SOUTH),SA,0,-34.93,139.03,489
24592,CALLINGTON HILL (COLRAE),SA,0,-35.08,139.07,216
24593,WOODCHESTER (CRAIORAH),SA,0,-35.19,138.99,92
24594,RODWELL CREEK (HIGHLAND VALLEY (GREENHOL,SA,0,-35.2,138.92,196
25059,ALAWOONA COMPARISON,SA,0,-34.73,140.5,70
25507,KEITH,SA,0,-36.1,140.36,29
25557,KEITH (MUNKORA),SA,0,-36.11,140.33,27
25562,LAMEROO (AUSTIN PLAINS),SA,0,-35.38,140.54,110
25564,SHAUGH (COOLAMI),SA,0,-35.84,140.82,123
26021,MOUNT GAMBIER AERO,SA,0,-37.75,140.77,63
26026,ROBE,SA,0,-37.16,139.76,3
26091,COONAWARRA,SA,0,-37.29,140.83,57
26095,CAPE JAFFA (THE LIMESTONE),SA,0,-36.97,139.72,17
26099,NARACOORTE AERODROME,SA,0,-36.98,140.73,50
26100,PADTHAWAY SOUTH,SA,0,-36.65,140.52,37
26105,ROBE AIRFIELD,SA,0,-37.18,139.81,3
27045,WEIPA AERO,QLD,0,-12.68,141.92,18
27054,COCONUT ISLAND,QLD,0,-10.05,143.07,4
27058,HORN ISLAND,QLD,0,-10.58,142.29,4
27073,COEN AIRPORT,QLD,0,-13.76,143.12,159
27075,SCHERGER RAAF,QLD,0,-12.62,142.09,39
28004,PALMERVILLE,QLD,0,-16,144.08,204
28008,LOCKHART RIVER AIRPORT,QLD,0,-12.79,143.3,19
29034,MCKINLAY ROADHOUSE,QLD,0,-21.27,141.29,164
29038,KOWANYAMA AIRPORT,QLD,0,-15.48,141.75,10
29058,JULIA CREEK AIRPORT,QLD,0,-20.67,141.72,123
29063,NORMANTON AIRPORT,QLD,0,-17.69,141.07,18
29077,BURKETOWN AIRPORT,QLD,0,-17.75,139.54,6
29127,MOUNT ISA AERO,QLD,0,-20.68,139.49,340
29139,SWEERS ISLAND,QLD,0,-17.11,139.6,4
29141,CLONCURRY AIRPORT,QLD,0,-20.67,140.51,186
29166,RIVERSLEIGH TM,QLD,0,-18.97,138.8,115
29167,CENTURY MINE,QLD,0,-18.76,138.71,127
29181,LAKE JULIUS AWS,QLD,0,-20.12,139.73,237
29182,MORNINGTON ISLAND AIRPORT,QLD,0,-16.66,139.17,10
30022,HUGHENDEN AIRPORT,QLD,0,-20.82,144.23,316
30124,GEORGETOWN AIRPORT,QLD,0,-18.3,143.53,302
30161,RICHMOND AIRPORT,QLD,0,-20.7,143.11,206
31011,CAIRNS AERO,QLD,0,-16.87,145.75,2
31037,LOW ISLES LIGHTHOUSE,QLD,0,-16.38,145.56,3
31062,WHYANBEEL VALLEY,QLD,0,-16.39,145.35,6
31108,WALKAMIN RESEARCH STATION,QLD,0,-17.13,145.43,594
31181,BARTLE VIEW ALERT,QLD,0,-17.55,145.72,580
31182,GREENHAVEN ALERT,QLD,0,-17.59,145.6,860
31183,MALANDA ALERT,QLD,0,-17.36,145.59,770
31184,MCKELL ROAD ALERT,QLD,0,-17.44,145.51,1038
31185,MILLAA MILLAA ALERT,QLD,0,-17.52,145.61,861
31186,SUTTIES CREEK ALERT,QLD,0,-17.68,145.66,640
31187,TOPAZ ALERT,QLD,0,-17.47,145.73,689
31188,MAREEBA TM,QLD,0,-17,145.43,381
31191,MURRAY SPRINGS ALERT,QLD,0,-18.15,145.48,863
31196,MT GARNET ALERT,QLD,0,-17.7,145.15,663
31197,UPPER RUDD CREEK ALERT,QLD,0,-18.04,144.89,762
31200,RAVENSHOE ALERT,QLD,0,-17.59,145.53,1080
31205,COPPERLODE DAM ALERT,QLD,0,-16.98,145.67,447
31209,COOKTOWN AIRPORT,QLD,0,-15.45,145.19,5
31210,MAREEBA AIRPORT,QLD,0,-17.07,145.43,472
31213,CAPE FLATTERY,QLD,0,-14.97,145.31,19
31222,CAIRNS RACECOURSE,QLD,0,-16.95,145.75,4
32020,MARCO STREET ALERT,QLD,0,-17.56,145.96,140
32040,TOWNSVILLE AERO,QLD,0,-19.25,146.77,4
32043,UPPER STONE EXELBY,QLD,0,-18.72,145.92,61
32109,UPPER MURRAY TM,QLD,0,-18.11,145.81,22
32141,LUCINDA POINT,QLD,0,-18.52,146.39,10
32142,WHITE CRYSTAL TM,QLD,0,-18.68,145.75,690
32152,TUNG OIL TM,QLD,0,-17.55,145.93,9
32163,INNISFAIL WHARF ALERT,QLD,0,-17.52,146.03,10
32164,MENAVALE ALERT,QLD,0,-17.68,145.89,134
32166,TUNG OIL ALERT,QLD,0,-17.55,145.93,22
32167,EURAMO TM,QLD,0,-17.99,145.94,10
32169,GLENEAGLE ALERT,QLD,0,-18.19,145.33,556
32170,NASH\'S CROSSING ALERT,QLD,0,-18.41,145.77,74
32172,WALLAMAN ALERT,QLD,0,-18.46,145.74,686
32173,PEACOCK SIDING ALERT,QLD,0,-18.68,146,38
32174,ABERGOWRIE ALERT,QLD,0,-18.49,145.94,52
32176,KIRRAMA ALERT,QLD,0,-18.14,145.61,594
32184,ZATTAS ALERT,QLD,0,-18.45,145.83,55
32185,HALIFAX ALERT,QLD,0,-18.58,146.28,17
32186,MICHAEL CREEK ALERT,QLD,0,-18.85,145.91,742
32194,COWLEY BEACH (DEFENCE),QLD,0,-17.69,146.11,4
32195,MOUNT STUART (DEFENCE),QLD,0,-19.41,146.76,176
32196,TOWNSVILLE- AIR WEAPONS RANGE (DEFENCE),QLD,0,-19.3,146.24,386
32197,INNISFAIL AERODROME,QLD,0,-17.56,146.01,12
32200,INGHAM AERO,QLD,0,-18.67,146.15,14
33002,AYR DPI RESEARCH STN,QLD,0,-19.62,147.38,17
33013,COLLINSVILLE POST OFFICE,QLD,0,-20.55,147.85,196
33045,MACKAY AERO,QLD,0,-21.17,149.18,5
33106,HAMILTON ISLAND AIRPORT,QLD,0,-20.37,148.95,59
33111,MARLBOROUGH HELIPAD TM,QLD,0,-22.82,149.89,107
33119,MACKAY M.O,QLD,0,-21.12,149.22,30
33195,WILLIAMSON,QLD,0,-22.47,150.18,28
33210,ST LAWRENCE,QLD,0,-22.35,149.52,9
33247,PROSERPINE AIRPORT,QLD,0,-20.49,148.56,20
33255,HAMILTON ISLAND,QLD,0,-20.35,148.95,23
33263,BOUNDARY CREEK ALERT,QLD,0,-20.42,148.11,196
33264,BOWEN PUMP STATION ALERT,QLD,0,-20.01,148.2,5
33266,MOSS VALE ALERT,QLD,0,-20.24,148.03,138
33267,MT DANGAR ALERT,QLD,0,-20.22,148.12,46
33268,REEVES ALERT,QLD,0,-20.15,148.16,27
33269,ROMA PEAK ALERT,QLD,0,-20.31,148.22,148
33270,UPPER DON ALERT,QLD,0,-20.5,148.2,270
33277,MIRANI WEIR TW TM,QLD,0,-21.18,148.83,34
33280,POWERLINE TM,QLD,0,-19.63,147.11,24
33285,THE GAP TM,QLD,0,-23.09,150.11,9
33286,CLARE ALERT,QLD,0,-19.76,147.24,9
33287,MILLAROO ALERT,QLD,0,-19.97,147.25,19
33288,INKERMAN BRIDGE ALERT,QLD,0,-19.64,147.4,3
33289,STRATHBOGIE ALERT,QLD,0,-20.14,147.56,176
33290,MT PLEASANT ALERT,QLD,0,-20.29,147.9,191
33291,DALBEG ALERT,QLD,0,-20.31,147.3,35
33292,MYUNA ALERT,QLD,0,-20.58,147.6,97
33294,YEPPOON THE ESPLANADE,QLD,0,-23.14,150.75,6
33295,ALVA BEACH,QLD,0,-19.46,147.48,8
33299,SARICH\'S ALERT,QLD,0,-21.27,148.82,48
33300,DUMBLETON ROCKS ALERT,QLD,0,-21.14,149.08,0
33301,WHITEFORD\'S ALERT,QLD,0,-21.32,148.84,58
33303,MACKAY ALERT,QLD,0,-21.14,149.19,11
33304,GARGETT ALERT,QLD,0,-21.18,148.74,53
33306,EMU CREEK ALERT,QLD,0,-20.41,148.23,218
33307,WOOLSHED,QLD,0,-19.42,146.54,556
33308,SAMUEL HILL AERO,QLD,0,-22.74,150.66,31
33310,SOUTH YAAMBA TM,QLD,0,-23.2,150.4,10
33312,HEDLOW AIRFIELD TM,QLD,0,-23.22,150.61,30
33313,THE GLEN TM,QLD,0,-22.83,150.34,60
33320,MT JUKES,QLD,0,-21.01,148.91,55
33327,BOWEN AIRPORT AWS,QLD,0,-20.02,148.21,6
33328,TOWNSVILLE- FANNING RIVER (DEFENCE),QLD,0,-19.78,146.5,326
33329,OORALEA RACECOURSE (MACKAY TURF CLUB),QLD,0,-21.17,149.15,10
34035,MORANBAH AIRPORT,QLD,0,-22.06,148.08,232
34049,DOONGARA,QLD,0,-20.56,146.48,300
34097,BURDEKIN DAM ALERT,QLD,0,-20.65,147.14,179
34101,CHARTERS TOWERS AIRPORT,QLD,0,-20.04,146.27,289
35039,GILIGULGUL TM,QLD,0,-26.36,150.05,367
35040,WESTGROVE TM,QLD,0,-25.58,148.48,460
35065,SPRINGSURE COMET ST,QLD,0,-24.12,148.09,345
35068,WADDY BRAE TM,QLD,0,-25.61,148.94,470
35069,TAMBO POST OFFICE,QLD,0,-24.88,146.26,395
35070,TAROOM POST OFFICE,QLD,0,-25.64,149.8,199
35124,CLERMONT AIRPORT,QLD,0,-22.78,147.62,270
35129,ROLLESTON AIRPORT,QLD,0,-24.46,148.63,220
35134,BLACKWATER AIRPORT,QLD,0,-23.6,148.81,193
35139,LOCHINGTON,QLD,0,-23.94,147.53,267
35146,EMERALD RADAR AL,QLD,0,-23.55,148.24,188
35185,CAPELLA (ROWE\'S HILL) ALERT,QLD,0,-23.12,148.04,484
35186,BLACKDOWN TABLELAND AL,QLD,0,-23.77,149.12,952
35187,VALERIA ALERT,QLD,0,-23.19,147.89,207
35242,BUNGABAN TM,QLD,0,-25.9,150.13,260
35251,CRAIGMORE AL,QLD,0,-23.88,147.76,231
35264,EMERALD AIRPORT,QLD,0,-23.57,148.18,189
35276,SPRINGSURE CREEK JUNCTION AL,QLD,0,-23.86,148.5,167
35282,TAROOM TM,QLD,0,-25.64,149.79,181
35292,DUCABROOK AL,QLD,0,-23.85,147.4,334
35293,HEATHWOOD AL,QLD,0,-24.34,148.06,312
35294,KULUMUR RANGE ALERT,QLD,0,-23.8,147.77,362
35295,BINGEGANG WEIR HW ALERT,QLD,0,-23.07,149.04,107
36026,ISISFORD POST OFFICE,QLD,0,-24.26,144.44,203
36031,LONGREACH AERO,QLD,0,-23.44,144.28,192
36034,BLACKALL AIRPORT,QLD,0,-24.43,145.43,281
36161,LONGREACH TM,QLD,0,-23.42,144.23,179
37010,CAMOOWEAL TOWNSHIP,QLD,0,-19.92,138.12,231
37034,THE MONUMENT AIRPORT,QLD,0,-21.81,139.93,288
37036,TREPELL AIRPORT,QLD,0,-21.84,140.89,266
37039,WINTON AIRPORT,QLD,0,-22.36,143.08,192
37053,CARTERS BORE,QLD,0,-20.94,139.3,396
37058,URANDANGI AERODROME,QLD,0,-21.6,138.37,179
37059,NEW MAY DOWNS,QLD,0,-20.59,139.34,392
38000,BEDOURIE,QLD,0,-24.36,139.47,91
38003,BOULIA AIRPORT,QLD,0,-22.91,139.9,162
38026,BIRDSVILLE AIRPORT,QLD,0,-25.9,139.35,47
38076,WINDORAH AIRPORT,QLD,0,-25.41,142.66,132
39044,RIVERSLEA TM,QLD,0,-23.57,149.95,32
39059,LADY ELLIOT ISLAND,QLD,0,-24.11,152.72,4
39066,GAYNDAH AIRPORT,QLD,0,-25.62,151.62,111
39083,ROCKHAMPTON AERO,QLD,0,-23.38,150.48,10
39089,THANGOOL AIRPORT,QLD,0,-24.49,150.57,193
39123,GLADSTONE RADAR,QLD,0,-23.86,151.26,75
39128,BUNDABERG AERO,QLD,0,-24.91,152.32,31
39193,MT LAWLESS TM,QLD,0,-25.55,151.66,104
39258,WALLA ALERT-B,QLD,0,-25.14,151.98,15
39259,EIDSVOLD BRIDGE,QLD,0,-25.38,151.08,165
39314,SEVENTEEN SEVENTY,QLD,0,-24.16,151.89,41
39319,ABERCORN TM,QLD,0,-25.13,151.13,184
39320,JONES WEIR TW TM,QLD,0,-25.59,151.3,104
39321,EIDSVOLD TM,QLD,0,-25.4,151.1,135
39326,GLADSTONE AIRPORT,QLD,0,-23.87,151.22,17
39338,OLD RANGE RD ALERT,QLD,0,-25.36,152.1,50
39339,NEARUM RD ALERT,QLD,0,-25.11,151.85,300
39340,MINGO CREEK ALERT,QLD,0,-25.32,151.72,100
39341,BYRNESTOWN ALERT,QLD,0,-25.52,151.76,120
39349,WESTWOOD TM,QLD,0,-23.63,150.15,160
40004,AMBERLEY AMO,QLD,0,-27.63,152.71,24
40043,CAPE MORETON LIGHTHOUSE,QLD,0,-27.03,153.47,100
40068,DOUBLE ISLAND POINT LIGHTHOUSE,QLD,0,-25.93,153.19,96
40078,EUMUNDI - CRESCENT RD,QLD,0,-26.48,152.95,93
40082,UNIVERSITY OF QUEENSLAND GATTON,QLD,0,-27.54,152.34,89
40093,GYMPIE,QLD,0,-26.18,152.64,65
40126,MARYBOROUGH,QLD,0,-25.51,152.72,9
40209,POINT LOOKOUT,QLD,0,-27.44,153.55,41
40211,ARCHERFIELD AIRPORT,QLD,0,-27.57,153.01,13
40224,ALDERLEY,QLD,0,-27.42,153,39
40284,BEERBURRUM FOREST STATION,QLD,0,-26.96,152.96,48
40334,BIGGENDEN ALERT,QLD,0,-25.51,152.04,125
40335,MT TAMBORINE ALERT,QLD,0,-27.97,153.21,520
40341,WONGAWALLAN ALERT,QLD,0,-27.88,153.21,360
40376,TYUNGUN ALERT,QLD,0,-28.09,153.16,200
40405,HERVEY BAY AIRPORT,QLD,0,-25.32,152.88,13
40416,CLEARVIEW TM,QLD,0,-28,153.31,3
40503,TALLEGALLA ALERT,QLD,0,-27.61,152.58,60
40714,ROUND MOUNTAIN TM,QLD,0,-28.07,152.93,44
40717,COOLANGATTA,QLD,0,-28.17,153.51,4
40738,BROMFLEET TM,QLD,0,-27.91,153.11,28
40754,RATHDOWNEY TM,QLD,0,-28.22,152.87,84
40761,WOLFFDENE ALERT,QLD,0,-27.78,153.19,0
40762,YARRAHAPPINI TM,QLD,0,-27.83,152.99,11
40764,GOLD COAST SEAWAY,QLD,0,-27.94,153.43,3
40777,IMBIL ALERT,QLD,0,-26.46,152.68,76
40778,ZACHARIAH TM,QLD,0,-26.36,152.63,90
40782,COORAN TM,QLD,0,-26.33,152.81,70
40784,CALAMVALE ALERT,QLD,0,-27.62,153.04,90
40785,CAROLE PARK ALERT,QLD,0,-27.6,152.95,80
40786,JINGLE DOWNS ALERT,QLD,0,-27.75,152.91,100
40788,FORESTDALE(JOHNSON RD)AL,QLD,0,-27.66,153,80
40790,MT GRAVATT ALERT,QLD,0,-27.54,153.06,195
40793,LYONS ALERT,QLD,0,-27.76,152.84,150
40794,GREENBANK(THOMPSON RD)AL,QLD,0,-27.7,152.93,80
40801,KANDANGA TM,QLD,0,-26.39,152.68,80
40811,KILKIVAN TM,QLD,0,-26.08,152.22,29
40814,MOY POCKET TM,QLD,0,-26.53,152.74,70
40816,AMBERLEY (DNRM) TM,QLD,0,-27.67,152.7,18
40818,MT CROSBY TM,QLD,0,-27.54,152.8,0
40820,SOMERSET DAM TM,QLD,0,-27.12,152.56,61
40822,GREGOR CREEK TM,QLD,0,-27,152.4,83
40823,ROSENTRETERS BRIDGE TM,QLD,0,-27.14,152.33,102
40824,FISHERMANS POCKET TM,QLD,0,-26.17,152.6,33
40825,MARODIAN TM,QLD,0,-25.9,152.35,19
40826,MIVA TM,QLD,0,-25.95,152.5,17
40827,BAN BAN TM,QLD,0,-25.71,151.81,122
40829,HELIDON TM,QLD,0,-27.54,152.11,124
40830,BELLBIRD CREEK TM,QLD,0,-26.63,152.7,95
40831,IPSWICH ALERT,QLD,0,-27.61,152.76,-999
40832,FOREST HOME TM,QLD,0,-28.2,152.77,110
40833,HOME PARK TM,QLD,0,-25.77,152.53,5
40836,ONE MILE BRIDGE ALERT,QLD,0,-27.63,152.75,0
40841,CROFTBY TM,QLD,0,-28.15,152.57,162
40842,BRISBANE AERO,QLD,0,-27.39,153.13,5
40844,BEECHMONT ALERT,QLD,0,-28.13,153.19,520
40845,BINNA BURRA ALERT,QLD,0,-28.2,153.19,780
40846,CLEARVIEW ALERT,QLD,0,-28,153.31,3
40847,HINZE DAM HW ALERT,QLD,0,-28.05,153.28,82
40848,LOWER SPRINGBROOK ALERT,QLD,0,-28.21,153.27,705
40856,RAINBOW BEACH,QLD,0,-25.9,153.09,14
40861,SUNSHINE COAST AIRPORT,QLD,0,-26.6,153.09,3
40865,CANNON COVE AL,QLD,0,-28.09,152.72,225
40867,KALBAR TM,QLD,0,-27.94,152.62,80
40868,MT JOSEPH TM,QLD,0,-25.74,152.24,120
40873,HARDING STREET ALERT,QLD,0,-27.64,152.79,-999
40874,BRISBANE ROAD ALERT,QLD,0,-27.61,152.91,-999
40875,BUNDAMBA SCHOOL ALERT,QLD,0,-27.61,152.81,-999
40876,WILSONS PEAK ALERT,QLD,0,-28.24,152.49,852
40878,WATERFORD ALERT,QLD,0,-27.69,153.14,0
40881,AIR SEA RESCUE ALERT,QLD,0,-27.95,153.42,3
40882,NUMINBAH ALERT,QLD,0,-28.17,153.22,152
40889,OAKWOOD TM,QLD,0,-26.45,152.49,200
40891,BROOWEENA TM,QLD,0,-25.6,152.26,164
40892,MT KANIGAN AL,QLD,0,-25.96,152.58,330
40893,GOOMBOORIAN ALERT,QLD,0,-26.06,152.77,80
40902,MUSKET FLAT MT ALERT,QLD,0,-25.5,152.38,200
40903,PACIFIC HAVEN ALERT,QLD,0,-25.24,152.53,10
40904,RAILWAY BRIDGE ALERT,QLD,0,-25.28,152.51,10
40905,UPPER CHERWELL ALERT,QLD,0,-25.29,152.41,30
40906,LENTHALLS DAM ALERT,QLD,0,-25.4,152.53,24
40907,HOWARD ALERT,QLD,0,-25.33,152.56,10
40908,TEWANTIN RSL PARK,QLD,0,-26.39,153.04,6
40912,FRANKLYN VALE ALERT,QLD,0,-27.76,152.47,160
40913,BRISBANE,QLD,0,-27.48,153.04,8
40922,KINGAROY AIRPORT,QLD,0,-26.57,151.84,434
40931,O\'REILLYS ALERT,QLD,0,-28.23,153.14,913
40932,DARLINGTON ALERT,QLD,0,-28.26,153.09,300
40933,FOXLEY ALERT,QLD,0,-28.27,153.03,178
40934,ROMANI ALERT,QLD,0,-27.85,152.91,39
40935,MACLEAN BRIDGE ALERT,QLD,0,-27.79,153.02,3
40936,LUMEAH ALERT,QLD,0,-28.06,153.04,90
40938,BROMFLEET ALERT,QLD,0,-27.91,153.1,28
40939,BEAUDESERT ALERT,QLD,0,-27.97,152.99,50
40940,YARRAHAPPINI ALERT,QLD,0,-27.83,152.99,40
40941,KOORALBYN ALERT,QLD,0,-28.07,152.85,326
40942,PALEN CREEK ALERT,QLD,0,-28.32,152.77,220
40943,DIECKMANS BRIDGE ALERT,QLD,0,-28.25,152.89,105
40944,RUDDS LANE ALERT,QLD,0,-28.17,152.98,87
40945,ROUND MOUNTAIN ALERT,QLD,0,-28.07,152.93,62
40946,RATHDOWNEY ALERT,QLD,0,-28.22,152.87,84
40947,CROFTBY ALERT,QLD,0,-28.15,152.57,173
40948,KNAPPS PEAK ALERT,QLD,0,-28.15,152.74,278
40949,BOONAH ALERT,QLD,0,-28,152.69,110
40958,REDCLIFFE,QLD,0,-27.22,153.09,13
40969,GODWIN BEACH,QLD,0,-27.07,153.11,7
40978,BRIBIE ISLAND ALERT,QLD,0,-27.08,153.18,7
40979,MORAYFIELD (PETERSEN RD) ALERT,QLD,0,-27.12,152.94,24
40980,DECEPTION BAY ALERT,QLD,0,-27.18,153.02,4
40981,BURLEIGH WATERS ALERT,QLD,0,-28.08,153.43,-999
40983,BEAUDESERT DRUMLEY STREET,QLD,0,-27.97,152.99,48
40985,BELLBIRD PARK (PURSER RD) AL,QLD,0,-27.67,152.87,57
40988,NAMBOUR DAFF - HILLSIDE,QLD,0,-26.64,152.94,53
40993,GYMPIE ALERT,QLD,0,-26.19,152.66,37
40998,CALOUNDRA AIRPORT,QLD,0,-26.8,153.11,9
41085,QUEEN MARY FALLS,QLD,0,-28.33,152.39,895
41090,DARR CREEK AL,QLD,0,-26.54,151.13,393
41092,BALLON AL,QLD,0,-26.45,150.89,335
41095,STANTHORPE LESLIE PARADE,QLD,0,-28.66,151.93,784
41100,TEXAS POST OFFICE,QLD,0,-28.85,151.17,295
41112,GIDDI GIDDI SOUTH TM,QLD,0,-28.4,150.05,196
41124,KILBRONAE TM,QLD,0,-28.28,150.37,225
41152,LANGLEY TM,QLD,0,-27.98,150.92,360
41162,BYBERA TM,QLD,0,-28.27,150.81,290
41169,KERIMBILLA TM,QLD,0,-28.39,150.48,225
41175,APPLETHORPE,QLD,0,-28.62,151.95,872
41230,LIMEVALE TM,QLD,0,-28.73,151.18,320
41348,WYAGA TM,QLD,0,-28.17,150.64,267
41359,OAKEY AERO,QLD,0,-27.4,151.74,406
41415,WARAHGAI TM,QLD,0,-28.24,151.53,488
41489,MEDPARK BRIDGE TM,QLD,0,-28.3,150.29,216
41490,BRIGALOW BRIDGE TM,QLD,0,-26.9,150.78,297
41491,BARONGAROOK TM,QLD,0,-28.43,151.47,20
41495,TERRAINE TM,QLD,0,-28.48,151.28,318
41503,WARWICK (SCOTS COLLEGE) TM,QLD,0,-28.22,152.05,446
41506,BENGALLA TM,QLD,0,-28.66,150.67,228
41507,NEW KILDONAN TM,QLD,0,-28.67,150.45,230
41508,O\'CONNOR TM,QLD,0,-27.73,150.65,300
41514,LEYBURN TM,QLD,0,-28.03,151.58,-999
41515,FELTON TM,QLD,0,-27.85,151.68,405
41516,ALLORA TM,QLD,0,-28.03,152.02,471
41519,BOOBA SANDS TM,QLD,0,-28.58,150.85,-999
41522,DALBY AIRPORT,QLD,0,-27.16,151.26,346
41525,WARWICK,QLD,0,-28.21,152.1,475
41529,TOOWOOMBA AIRPORT,QLD,0,-27.54,151.91,641
41530,YANGAN ALERT,QLD,0,-28.2,152.22,496
41531,GLENGALLAN CREEK ALERT,QLD,0,-28.12,152.06,460
41532,CONNOLLY DAM ALERT,QLD,0,-28.36,152,540
41534,WARWICK ALERT,QLD,0,-28.21,152.03,448
41535,ELBOW VALLEY ALERT,QLD,0,-28.37,152.14,469
41537,KILLARNEY ALERT,QLD,0,-28.34,152.29,507
41545,DUNMORE EXCHANGE TM,QLD,0,-27.65,150.91,350
41546,AVOCA TM,QLD,0,-27.98,150.52,290
41547,WALLANGARRA TM,QLD,0,-28.92,151.93,877
41548,TEXAS TM,QLD,0,-28.87,151.16,272
41550,GRAYS GATE EXCHANGE TM,QLD,0,-27.99,151.28,400
41551,BELGRAE PARK ALERT,QLD,0,-26.97,151.48,480
41560,GOONDIWINDI AIRPORT,QLD,0,-28.52,150.32,217
42025,HORSE CREEK AL,QLD,0,-26.55,150.63,350
42036,BAWNDUGGIE AL,QLD,0,-26.16,150.84,380
42053,FLINTON,QLD,0,-27.89,149.56,215
42102,RIPPLE DOWNS AL,QLD,0,-27.94,150.14,248
42104,SURREY TM,QLD,0,-28.38,149.67,190
42105,NINDIGULLY TM,QLD,0,-28.42,148.83,25
42106,FENTON TM,QLD,0,-28.94,148.74,30
42111,KINKORA,QLD,0,-27.83,149.68,250
42112,MILES CONSTANCE STREET,QLD,0,-26.66,150.18,305
42115,LUNDAVRA TM,QLD,0,-28.07,149.98,240
42116,ARDEN DOWNS TM,QLD,0,-28.23,149.56,230
43006,MOOGA HILLS TM,QLD,0,-26.25,148.95,380
43008,SPRINGDALE TM,QLD,0,-26.17,148.66,400
43015,INJUNE POST OFFICE,QLD,0,-25.84,148.57,390
43020,MITCHELL POST OFFICE,QLD,0,-26.49,147.98,337
43033,TINDARRA TM,QLD,0,-26.47,148.8,350
43035,SURAT,QLD,0,-27.16,149.07,246
43051,PINE HILLS TM,QLD,0,-26.26,149.24,350
43054,INJUNE TM,QLD,0,-25.84,148.57,390
43063,SURAT,QLD,0,-27.15,149.07,228
43091,ROMA AIRPORT,QLD,0,-26.55,148.77,307
43097,TEELBA,QLD,0,-27.76,149.4,237
43100,OLD CASHMERE TM,QLD,0,-27.73,148.47,24
43101,WERIBONE TM,QLD,0,-27.31,148.83,215
43102,MITCHELL TM,QLD,0,-26.49,147.98,326
43105,TABERS TM,QLD,0,-26.41,148.78,315
43108,BENDOBA TM,QLD,0,-25.96,148.39,470
43109,ST GEORGE AIRPORT,QLD,0,-28.05,148.6,199
44021,CHARLEVILLE AERO,QLD,0,-26.41,146.26,302
44026,CUNNAMULLA POST OFFICE,QLD,0,-28.07,145.68,189
44211,CHESTERTON TM,QLD,0,-25.34,147.3,520
44212,DUNVEGAN TM,QLD,0,-26.12,146.62,400
44229,CHARLEVILLE AL,QLD,0,-26.4,146.24,288
44230,BINNOWEE AL,QLD,0,-26.48,146.09,200
44231,MYENDETTA AL,QLD,0,-26.55,146.02,308
44232,THE 27 MILE GARDEN AL,QLD,0,-26.08,146.42,324
44234,BARRADEEN AL,QLD,0,-26.04,146.43,355
45009,BALLERA GAS FIELD,QLD,0,-27.4,141.81,115
45025,THARGOMINDAH AIRPORT,QLD,0,-27.99,143.82,131
46012,WILCANNIA AERODROME AWS,NSW,0,-31.52,143.39,94
46126,TIBOOBURRA AIRPORT,NSW,0,-29.44,142.06,176
46128,FOWLERS GAP AWS,NSW,0,-31.09,141.7,181
46129,WHITE CLIFFS AWS,NSW,0,-30.85,143.07,158
46136,WANAARING (BORRONA DOWNS AWS),NSW,0,-29.76,143.11,121
46137,BOULLIA,NSW,0,-30.07,141.88,100
46140,WHITE CLIFFS (MT JACK),NSW,0,-30.87,143.71,103
46142,SMITHVILLE AWS,NSW,0,-30.07,141.01,94
47016,LAKE VICTORIA STORAGE,NSW,0,-34.04,141.27,26
47048,BROKEN HILL AIRPORT AWS,NSW,0,-32,141.47,281
48015,BREWARRINA HOSPITAL,NSW,0,-29.96,146.87,115
48027,COBAR MO,NSW,0,-31.48,145.83,260
48237,COBAR AIRPORT AWS,NSW,0,-31.54,145.8,218
48243,LIGHTNING RIDGE VISITOR INFORMATION CENT,NSW,0,-29.43,147.97,154
48245,BOURKE AIRPORT AWS,NSW,0,-30.04,145.95,107
48246,BURRAWANTIE,NSW,0,-29.15,145.41,143
48249,BYROCK (KNIGHTVALE),NSW,0,-30.49,146.33,143
48250,NOONA AWS,NSW,0,-31.73,144.93,179
48254,ANGLEDOOL (ANGLEDOOL STATION) COMPARISON,NSW,0,-29.12,147.9,149
48255,LIGHTNING RIDGE AIRPORT,NSW,0,-29.45,147.98,164
48256,WEILMORINGLE (CARINGLE) COMPARISON,NSW,0,-29.35,146.81,126
49000,IVANHOE AERODROME AWS,NSW,0,-32.88,144.31,100
49136,EUABALONG (MOUNT HOPE AWS),NSW,0,-32.83,145.88,209
49138,BOOLIGAL (YARTO) COMPARISON,NSW,0,-33.52,144.77,95
50017,WEST WYALONG AIRPORT AWS,NSW,0,-33.94,147.2,257
50137,CONDOBOLIN AIRPORT AWS,NSW,0,-33.07,147.21,193
50144,DANDALOO (HAZELBROOK) COMPARISON,NSW,0,-32.38,147.73,209
51049,TRANGIE RESEARCH STATION AWS,NSW,0,-31.99,147.95,215
51160,GILGANDRA (ROSEWOOD),NSW,0,-31.7,148.63,288
51161,COONAMBLE AIRPORT AWS,NSW,0,-30.98,148.38,181
51162,WALGETT (BREWON AWS),NSW,0,-30.24,147.53,130
51164,GIRILAMBONE (OKEH) AWS,NSW,0,-31.08,146.93,178
51165,QUAMBONE STATION COMPARISON,NSW,0,-30.93,147.87,155
52020,MUNGINDI POST OFFICE,NSW,0,-28.98,148.99,160
52088,WALGETT AIRPORT AWS,NSW,0,-30.04,148.12,133
53115,MOREE AERO,NSW,0,-29.49,149.85,213
54003,BARRABA (CLIFTON LANE),NSW,0,-30.38,150.61,499
54021,BARRABA (MOUNT LINDSAY),NSW,0,-30.32,150.27,869
54038,NARRABRI AIRPORT AWS,NSW,0,-30.32,149.83,229
54076,KINGS PLAINS (WINDERMERE),NSW,0,-29.64,151.43,-999
54121,BUKKULLA (RFS),NSW,0,-29.5,151.13,581
54153,CARODA (PALEROO),NSW,0,-30.12,150.13,488
55024,GUNNEDAH RESOURCE CENTRE,NSW,0,-31.03,150.27,307
55046,PINE RIDGE (BILLABONG),NSW,0,-31.53,150.44,340
55049,QUIRINDI POST OFFICE,NSW,0,-31.51,150.68,390
55136,WOOLBROOK (WOOLBROOK ROAD),NSW,0,-30.97,151.35,925
55202,GUNNEDAH AIRPORT AWS,NSW,0,-30.95,150.25,263
55245,NUNDLE (KEEVA),NSW,0,-31.5,151.03,670
55257,DURI (DUNGOWAN RD),NSW,0,-31.22,150.82,456
55262,OGUNBIL (AMAROO),NSW,0,-31.35,151.32,585
55308,BENDEMEER (BONNA),NSW,0,-30.88,151.16,830
55309,DUNGOWAN (GLENDOWER MOUNTAIN (LECONFIELD,NSW,0,-31.15,151.23,1050
55312,MANILLA (MUSEUM),NSW,0,-30.75,150.72,358
55313,GOONOO GOONOO (GOONOO GOONOO CREEK),NSW,0,-31.27,150.92,450
55321,MULLA CROSSING (COCKBURN RIVER),NSW,0,-31.06,151.13,-999
55325,TAMWORTH AIRPORT AWS,NSW,0,-31.07,150.84,395
55336,NUNDLE (HEAD OF THE PEEL),NSW,0,-31.6,151.14,-999
55337,CRAWNEY MOUNTAIN,NSW,0,-31.59,151,1444
56006,BUNDARRA POST OFFICE,NSW,0,-30.17,151.08,654
56018,INVERELL RESEARCH CENTRE,NSW,0,-29.78,151.08,664
56032,TENTERFIELD (FEDERATION PARK),NSW,0,-29.05,152.02,838
56034,URALLA (DUMARESQ ST),NSW,0,-30.64,151.49,1012
56037,ARMIDALE (TREE GROUP NURSERY),NSW,0,-30.52,151.67,987
56038,WYLIE CREEK (ALOOMBA),NSW,0,-28.55,152.16,675
56161,GUYRA (GOWAN BRAE),NSW,0,-30.16,151.88,1325
56229,GUYRA HOSPITAL,NSW,0,-30.21,151.68,1329
56237,INVERELL (ELSMORE VILLAGE),NSW,0,-29.8,151.27,700
56238,ARMIDALE AIRPORT AWS,NSW,0,-30.53,151.62,1079
56240,GUYRA (BOX POINT),NSW,0,-30.33,151.73,1340
56242,INVERELL (RAGLAN ST),NSW,0,-29.78,151.11,582
56243,GLEN INNES AIRPORT AWS,NSW,0,-29.68,151.69,1044
56245,BEN LOMOND (BEULAH),NSW,0,-29.96,151.61,1457
57014,GLEN ELGIN (GLENBROOK),NSW,0,-29.56,152.14,895
57020,URBENVILLE,NSW,0,-28.47,152.55,378
57079,WOLLOMOMBI (WOLLOMOMBI RIVER),NSW,0,-30.52,152.04,900
57091,URALLA (BLUE NOBBY),NSW,0,-30.72,151.85,1067
57095,TABULAM (MUIRNE),NSW,0,-28.76,152.45,555
57123,NEWTON BOYD (ABBEY GREEN),NSW,0,-29.76,152.21,325
57124,POINT LOOKOUT,NSW,0,-30.48,152.4,1550
58005,BRAYS CREEK (MISTY MOUNTAIN),NSW,0,-28.4,153.17,130
58012,YAMBA PILOT STATION,NSW,0,-29.43,153.36,27
58028,COALDALE (BELLONA),NSW,0,-29.38,152.79,140
58068,LAWRENCE ROAD (PRINGLES WAY),NSW,0,-29.41,153.02,110
58077,GRAFTON RESEARCH STN,NSW,0,-29.62,152.96,25
58079,PILLAR VALLEY,NSW,0,-29.75,153.11,15
58080,WOOLI BEACH,NSW,0,-29.86,153.26,5
58099,WHIPORIE POST OFFICE,NSW,0,-29.28,152.99,50
58148,LILLIAN ROCK (WILLIAMS ROAD),NSW,0,-28.53,153.15,345
58158,MURWILLUMBAH (BRAY PARK),NSW,0,-28.34,153.38,8
58161,GRAFTON AIRPORT AWS,NSW,0,-29.76,153.03,25
58162,NASHUA (WILSONS RIVER),NSW,0,-28.73,153.46,30
58167,UKI (TWEED RIVER),NSW,0,-28.41,153.33,30
58180,NIMBIN (GOOLMANGAR CREEK),NSW,0,-28.61,153.21,60
58186,NORTH MURWILLUMBAH (TWEED RIVER),NSW,0,-28.33,153.4,-999
58194,DAIRY FLAT,NSW,0,-28.38,152.72,235
58198,BALLINA AIRPORT AWS,NSW,0,-28.84,153.56,1
58199,ROCK VALLEY (LEYCESTER CREEK),NSW,0,-28.74,153.16,20
58202,BENTLEY (BACK CREEK),NSW,0,-28.74,153.08,40
58204,BOAT HARBOUR (ROUS RIVER),NSW,0,-28.32,153.35,30
58206,CORNDALE (COOPERS CREEK),NSW,0,-28.72,153.36,25
58207,BUSBYS FLAT,NSW,0,-29.04,152.81,105
58208,CASINO AIRPORT AWS,NSW,0,-28.88,153.06,21
58212,EVANS HEAD RAAF BOMBING RANGE AWS,NSW,0,-29.18,153.4,63
58214,LISMORE AIRPORT AWS,NSW,0,-28.83,153.26,9
58216,BYRON BAY (CAPE BYRON AWS),NSW,0,-28.64,153.64,95
58222,MINNIE WATER (PUMP SHED),NSW,0,-29.78,153.26,30
58233,BYRON BAY,NSW,0,-28.65,153.62,18
59007,KEMPSEY AIRPORT AWS,NSW,0,-31.07,152.77,13
59032,TAYLORS ARM,NSW,0,-30.78,152.7,80
59045,MELDRUM (COOLAWARRAH),NSW,0,-30.36,152.49,1230
59054,GLENREAGH (CORAMBA STREET),NSW,0,-30.05,152.98,67
59078,PROMISED LAND (BELLINGEN (CRYSTAL CREEK),NSW,0,-30.35,152.9,105
59131,MILLBANK,NSW,0,-30.88,152.61,70
59138,BOWRA SUGARLOAF,NSW,0,-30.66,152.65,870
59139,NANA GLEN (COWLING CLOSE),NSW,0,-30.1,153,70
59146,KALANG (KOOROOWI (SHARABEL)),NSW,0,-30.47,152.82,86
59151,COFFS HARBOUR AIRPORT,NSW,0,-30.32,153.12,4
59152,LOWANNA (LOWANNA ROAD),NSW,0,-30.21,152.91,555
60013,FORSTER - TUNCURRY MARINE RESCUE,NSW,0,-32.18,152.51,4
60015,GLOUCESTER POST OFFICE,NSW,0,-32.01,151.96,105
60042,CRAVEN (LONGVIEW),NSW,0,-32.15,151.95,130
60052,UPPER ROLLANDS PLAINS (GREENACRES),NSW,0,-31.23,152.59,96
60065,WOOTTON,NSW,0,-32.29,152.3,-999
60069,COOPLACURRIPA,NSW,0,-31.63,151.96,252
60085,YARRAS (MOUNT SEAVIEW),NSW,0,-31.39,152.25,155
60095,BUNGWAHL,NSW,0,-32.38,152.38,-999
60096,CABBAGE TREE MOUNTAIN,NSW,0,-32.26,152.12,-999
60099,CRAWFORD RIVER (CRAWFORD),NSW,0,-32.44,152.16,-999
60103,KRAMBACH (TIPPERARY),NSW,0,-32.06,152.12,180
60104,NOWENDOC (GREEN HILLS),NSW,0,-31.41,151.6,1130
60117,MOUNT GEORGE (MANNING RIVER),NSW,0,-31.88,152.15,15
60141,TAREE AIRPORT AWS,NSW,0,-31.89,152.51,8
60148,WILLINA,NSW,0,-32.16,152.26,-999
60152,COBARK,NSW,0,-31.96,151.73,300
60153,MOPPY LOOKOUT (BARRINGTON TOPS),NSW,0,-31.89,151.56,1340
60155,WAUKIVORY,NSW,0,-32.13,152.06,158
60161,COMBOYNE (PUBLIC SCHOOL),NSW,0,-31.61,152.47,617
60162,COOPLACURRIPA (HAWKINS RD),NSW,0,-31.59,151.83,-999
60163,YARRAS MOUNTAIN,NSW,0,-31.46,152.32,679
60164,YARROWITCH (RUSHBROOK),NSW,0,-31.35,152.01,1168
60168,PORT MACQUARIE AIRPORT AWS,NSW,0,-31.43,152.87,5
61024,GRESFORD POST OFFICE,NSW,0,-32.43,151.54,85
61055,NEWCASTLE NOBBYS SIGNAL STATION AWS,NSW,0,-32.92,151.8,33
61056,POKOLBIN (BEN EAN),NSW,0,-32.8,151.28,140
61078,WILLIAMTOWN RAAF,NSW,0,-32.79,151.84,8
61092,ELDERSLIE,NSW,0,-32.59,151.33,45
61100,BROKE (HARROWBY),NSW,0,-32.77,151.09,76
61110,HOWES VALLEY (COMMISSION RD),NSW,0,-32.87,150.79,235
61195,MURRURUNDI (TIMOR),NSW,0,-31.77,151.08,415
61209,PUTTY TEA ROOMS,NSW,0,-32.96,150.68,280
61226,WOLLOMBI (ST JOHNS CHURCH),NSW,0,-32.94,151.14,97
61250,PATERSON (TOCAL AWS),NSW,0,-32.63,151.59,30
61268,MAITLAND BELMORE BRIDGE (HUNTER RIVER),NSW,0,-32.73,151.56,-999
61287,MERRIWA (ROSCOMMON),NSW,0,-32.19,150.17,375
61290,UPPER ALLYN TOWNSHIP,NSW,0,-32.16,151.49,315
61334,GLEN ALICE,NSW,0,-33.05,150.23,320
61336,PUTTY (THE GIBBA),NSW,0,-33.16,150.68,330
61349,GOSTWYCK BRIDGE (PATERSON RIVER),NSW,0,-32.57,151.61,-999
61350,UPPER CHICHESTER (SIMMONDS),NSW,0,-32.17,151.59,265
61360,SCONE (KINGDON PONDS),NSW,0,-32.05,150.85,198
61363,SCONE AIRPORT AWS,NSW,0,-32.03,150.83,221
61366,NORAH HEAD AWS,NSW,0,-33.28,151.58,19
61373,PARKVILLE (KINGDON PONDS),NSW,0,-31.96,150.86,200
61375,MANGROVE MOUNTAIN AWS,NSW,0,-33.29,151.21,305
61382,WYONG (KULNURA (JEAVONS)),NSW,0,-33.17,151.22,270
61392,MURRURUNDI GAP AWS,NSW,0,-31.74,150.79,729
61412,COORANBONG (LAKE MACQUARIE AWS),NSW,0,-33.09,151.46,6
61413,CAREYS PEAK (BARRINGTON TOPS),NSW,0,-32.05,151.47,1430
61415,DUNGOG (UPPER MYALL CREEK),NSW,0,-32.35,151.64,217
61419,MOUNT PALMER,NSW,0,-31.83,150.35,1050
61420,MIRANNIE (MAERANIE STATION),NSW,0,-32.39,151.37,178
61421,CRANKY CORNER (TANGORY MOUNTAIN),NSW,0,-32.56,151.38,458
61422,MILBRODALE SCHOOL,NSW,0,-32.7,151.01,88
61423,BAERAMI (THE OLD DAIRY),NSW,0,-32.38,150.49,205
61425,GOSFORD AWS,NSW,0,-33.44,151.36,7
61428,MAITLAND AIRPORT AWS,NSW,0,-32.7,151.49,28
61430,SINGLETON DEFENCE AWS,NSW,0,-32.7,151.16,125
61431,MURRURUNDI (HAYDON STREET),NSW,0,-31.77,150.84,467
62036,ULAN WATER,NSW,0,-32.28,149.74,420
62100,NULLO MOUNTAIN AWS,NSW,0,-32.72,150.23,1130
62101,MUDGEE AIRPORT AWS,NSW,0,-32.56,149.61,471
62106,MOLONG (BONNIE DOON),NSW,0,-32.99,148.93,560
62107,BYLONG (GLENVIEW),NSW,0,-32.47,150.11,566
62108,CASSILIS (THISTLEDALE),NSW,0,-32.03,150.02,548
63032,GOLSPIE (AYRSTON),NSW,0,-34.28,149.67,855
63039,KATOOMBA (FARNELLS RD),NSW,0,-33.71,150.3,1017
63061,TRUNKEY (OLD POST OFFICE),NSW,0,-33.82,149.32,840
63076,SOFALA OLD POST OFFICE,NSW,0,-33.08,149.69,579
63081,FAULCONBRIDGE (GREAT WESTERN HWY),NSW,0,-33.69,150.55,428
63226,LITHGOW (COOERWULL),NSW,0,-33.48,150.13,900
63245,MANDURAMA POST OFFICE,NSW,0,-33.65,149.08,661
63264,NEWBRIDGE (STRINGYBARK RD),NSW,0,-33.57,149.38,952
63283,HAMPTON (BINDO),NSW,0,-33.7,150.03,1095
63287,BATHURST STANLEY STREET (MACQUARIE RIVER,NSW,0,-33.41,149.58,650
63291,BATHURST AIRPORT AWS,NSW,0,-33.41,149.65,745
63292,MOUNT BOYCE AWS,NSW,0,-33.62,150.27,1080
63293,OBERON (JENOLAN CAVES ROAD),NSW,0,-33.74,149.88,1190
63295,BLACKHEATH (WOMBAT STREET),NSW,0,-33.63,150.28,1030
63297,TARANA (FISH RIVER),NSW,0,-33.57,149.91,780
63298,CHIFLEY DAM (CAMPBELLS RIVER (UPSTREAM C,NSW,0,-33.61,149.7,715
63303,ORANGE AIRPORT AWS,NSW,0,-33.38,149.13,945
63308,MARRANGAROO (DEFENCE),NSW,0,-33.43,150.14,955
64008,COONABARABRAN (SHOWGROUNDS),NSW,0,-31.28,149.28,520
64017,COONABARABRAN AIRPORT AWS,NSW,0,-31.33,149.27,645
64025,COOLAH (BINNIA ST),NSW,0,-31.82,149.72,495
64027,COONABARABRAN (BARINA -TM),NSW,0,-31.31,149.2,615
64029,DUNEDOO (SHELL),NSW,0,-32.02,149.39,390
65041,MOLONG POST OFFICE,NSW,0,-33.1,148.87,540
65068,PARKES AIRPORT AWS,NSW,0,-33.13,148.24,323
65070,DUBBO AIRPORT AWS,NSW,0,-32.22,148.58,284
65098,NEUREA (FERNFIELD),NSW,0,-32.68,148.92,335
65103,FORBES AIRPORT AWS,NSW,0,-33.36,147.92,230
65110,BORENORE (LYNDEN-BRAE),NSW,0,-33.25,148.98,840
65111,COWRA AIRPORT AWS,NSW,0,-33.84,148.65,300
66011,CHATSWOOD BOWLING CLUB,NSW,0,-33.8,151.18,-999
66014,CRONULLA SOUTH BOWLING CLUB,NSW,0,-34.07,151.15,31
66034,ABBOTSFORD (BLACKWALL POINT RD),NSW,0,-33.85,151.13,15
66036,MARRICKVILLE GOLF CLUB,NSW,0,-33.92,151.14,6
66037,SYDNEY AIRPORT AMO,NSW,0,-33.95,151.17,6
66058,SANS SOUCI (PUBLIC SCHOOL),NSW,0,-33.99,151.13,9
66059,TERREY HILLS AWS,NSW,0,-33.69,151.23,199
66124,PARRAMATTA NORTH (MASONS DRIVE),NSW,0,-33.79,151.02,55
66137,BANKSTOWN AIRPORT AWS,NSW,0,-33.92,150.98,7
66148,PEAKHURST GOLF CLUB,NSW,0,-33.97,151.06,20
66160,CENTENNIAL PARK,NSW,0,-33.9,151.23,38
66161,HOLSWORTHY AERODROME AWS,NSW,0,-33.99,150.95,68
66176,AUDLEY (ROYAL NATIONAL PARK),NSW,0,-34.06,151.06,120
66194,CANTERBURY RACECOURSE AWS,NSW,0,-33.91,151.11,3
66211,WAHROONGA (ADA AVENUE),NSW,0,-33.72,151.11,184
66212,SYDNEY OLYMPIC PARK AWS (ARCHERY CENTRE),NSW,0,-33.83,151.07,4
66213,NORTH RYDE GOLF CLUB,NSW,0,-33.8,151.12,84
66214,SYDNEY (OBSERVATORY HILL),NSW,0,-33.86,151.2,43
67015,BRINGELLY (MARYLAND),NSW,0,-33.97,150.73,122
67019,PROSPECT RESERVOIR,NSW,0,-33.82,150.91,61
67061,ROSSMORE (SOUTH CREEK),NSW,0,-33.94,150.78,-999
67065,HORNSBY (SWIMMING POOL),NSW,0,-33.7,151.1,180
67081,SHANES PARK (SOUTH CREEK ROAD),NSW,0,-33.71,150.77,26
67105,RICHMOND RAAF,NSW,0,-33.6,150.78,19
67108,BADGERYS CREEK AWS,NSW,0,-33.9,150.73,81
67109,BAULKHAM HILLS EUCALYPTUS CT,NSW,0,-33.77,150.98,100
67110,SEVEN HILLS (RADIO FM 103.2),NSW,0,-33.79,150.92,80
67111,NORTH PARRAMATTA (BURNSIDE HOMES),NSW,0,-33.79,151.02,50
67112,NORTH ROCKS (MUIRFIELD GOLF CLUB),NSW,0,-33.77,151.02,40
67113,PENRITH LAKES AWS,NSW,0,-33.72,150.68,25
67114,ABBOTSBURY (FAIRFIELD (CITY FARM)),NSW,0,-33.87,150.86,75
67119,HORSLEY PARK EQUESTRIAN CENTRE AWS,NSW,0,-33.85,150.86,100
68024,DARKES FOREST (KINTYRE),NSW,0,-34.23,150.91,370
68072,NOWRA RAN AIR STATION AWS,NSW,0,-34.95,150.54,109
68151,JERVIS BAY (POINT PERPENDICULAR AWS),NSW,0,-35.09,150.8,85
68159,WEDDERBURN (BOOALBYN),NSW,0,-34.17,150.81,250
68160,CAMPBELLTOWN (KENTLYN (GEORGES RIVER ROA,NSW,0,-34.05,150.88,115
68181,HAMPDEN BRIDGE (KANGAROO RIVER),NSW,0,-34.73,150.52,80
68192,CAMDEN AIRPORT AWS,NSW,0,-34.04,150.69,74
68213,NOWRA BOAT SHED (SHOALHAVEN RIVER),NSW,0,-34.87,150.61,0
68216,MENANGLE BRIDGE (NEPEAN RIVER),NSW,0,-34.12,150.74,-999
68217,BARRENGARRY (THE OLD SCHOOL HOUSE),NSW,0,-34.69,150.53,105
68218,WATTAMOLLA (GRIFFITHS),NSW,0,-34.72,150.65,140
68224,ROBERTSON (THE PIE SHOP),NSW,0,-34.59,150.63,735
68228,BELLAMBI AWS,NSW,0,-34.37,150.93,10
68239,MOSS VALE AWS,NSW,0,-34.53,150.42,678
68241,ALBION PARK (SHELLHARBOUR AIRPORT),NSW,0,-34.56,150.79,8
68242,KIAMA (BOMBO HEADLAND),NSW,0,-34.65,150.86,16
68248,FITZROY FALLS (RED HILLS),NSW,0,-34.66,150.43,719
68249,TOUGA,NSW,0,-34.96,150.1,533
68257,CAMPBELLTOWN (MOUNT ANNAN),NSW,0,-34.06,150.77,112
68262,HIGH RANGE AWS (WANGANDERRY),NSW,0,-34.33,150.27,814
68263,HOLSWORTHY DEFENCE AWS,NSW,0,-34.08,150.9,165
68264,JERVIS BAY NSW (JERVIS BAY AIRFIELD AWS),NSW,0,-35.14,150.7,57
69006,BETTOWYND (BELLARINGAH),NSW,0,-35.7,149.79,165
69017,MONTAGUE ISLAND LIGHTHOUSE,NSW,0,-36.25,150.23,52
69018,MORUYA HEADS PILOT STATION,NSW,0,-35.91,150.15,17
69022,NAROOMA (MARINE RESCUE),NSW,0,-36.21,150.14,25
69049,NERRIGA COMPOSITE,NSW,0,-35.12,150.08,630
69062,SNOWBALL,NSW,0,-35.94,149.59,870
69127,ARALUEN LOWER (ARALUEN RD),NSW,0,-35.69,149.84,145
69128,NERRIGA AWS,NSW,0,-35.11,150.08,622
69132,BRAIDWOOD RACECOURSE AWS,NSW,0,-35.43,149.78,665
69133,BEMBOKA (THE KNOB),NSW,0,-36.66,149.51,400
69137,GREEN CAPE AWS,NSW,0,-37.26,150.05,19
69138,ULLADULLA AWS,NSW,0,-35.36,150.48,36
69139,BEGA AWS,NSW,0,-36.67,149.82,41
69144,BLACK RANGE (GRANDVIEW LANE),NSW,0,-36.73,149.84,245
69145,MORUYA (PLUMWOOD),NSW,0,-35.98,149.86,930
69147,MERIMBULA AIRPORT AWS,NSW,0,-36.91,149.9,2
69148,MORUYA AIRPORT AWS,NSW,0,-35.9,150.14,4
69152,CATHCART (MOUNT DARRAGH),NSW,0,-36.84,149.52,880
70005,BOMBALA (THERRY STREET),NSW,0,-36.91,149.24,705
70008,TOMBONG (SNOWY RIVER @ BURNT HUT CROSSIN,NSW,0,-36.84,148.93,-999
70119,BIG HILL (GLEN DUSK),NSW,0,-34.57,150,648
70217,COOMA AIRPORT AWS,NSW,0,-36.29,148.97,930
70237,NIMMITABEL (COTTESLOE),NSW,0,-36.59,149.38,1190
70263,GOULBURN TAFE,NSW,0,-34.75,149.7,670
70278,COOMA VISITORS CENTRE,NSW,0,-36.23,149.12,778
70328,BOMBALA AWS,NSW,0,-37,149.23,761
70330,GOULBURN AIRPORT AWS,NSW,0,-34.81,149.73,640
70335,HILLVIEW (SHOALHAVEN RIVER),NSW,0,-35.2,149.96,550
70339,TUGGERANONG (ISABELLA PLAINS) AWS,NSW,0,-35.42,149.09,587
70349,MOUNT GININI AWS,NSW,0,-35.53,148.77,1760
70350,GINNINDERRA (CHARNWOOD (ACT)),NSW,0,-35.21,149.01,-999
70351,CANBERRA AIRPORT,NSW,0,-35.31,149.2,577
70362,DALTON (HILLVIEW),NSW,0,-34.72,149.17,588
71032,THREDBO AWS,NSW,0,-36.49,148.29,1957
71041,THREDBO VILLAGE,NSW,0,-36.5,148.3,1380
71075,PERISHER VALLEY AWS,NSW,0,-36.41,148.41,1738
72012,CARABOST,NSW,0,-35.6,147.73,345
72023,HUME RESERVOIR,NSW,0,-36.1,147.03,184
72043,TUMBARUMBA POST OFFICE,NSW,0,-35.78,148.01,645
72150,WAGGA WAGGA AMO,NSW,0,-35.16,147.46,212
72152,ARGALONG (SANDY CREEK),NSW,0,-35.32,148.43,700
72156,MURRAY RIVER @ JINGELLIC,NSW,0,-35.93,147.72,-999
72160,ALBURY AIRPORT AWS,NSW,0,-36.07,146.95,164
72162,KHANCOBAN AWS,NSW,0,-36.23,148.14,339
73007,BURRINJUCK DAM,NSW,0,-35,148.6,390
73014,GRENFELL (MANGANESE RD),NSW,0,-33.89,148.15,390
73029,MURRUMBURRAH (HISTORICAL SOCIETY),NSW,0,-34.55,148.35,370
73050,BOWNING (WANGANUI),NSW,0,-34.76,148.83,560
73138,YOUNG AIRPORT,NSW,0,-34.25,148.25,380
73142,COOTAMUNDRA AIRPORT,NSW,0,-34.63,148.04,335
73150,STOCKINBINGAL (SUNNYDALE),NSW,0,-34.53,147.84,340
73151,TEMORA AIRPORT,NSW,0,-34.43,147.51,281
74148,NARRANDERA AIRPORT AWS,NSW,0,-34.71,146.51,145
74258,DENILIQUIN AIRPORT AWS,NSW,0,-35.56,144.95,94
74272,KAPOOKA (DEFENCE),NSW,0,-35.13,147.25,187
75019,HAY AIRPORT AWS,NSW,0,-34.54,144.83,92
75041,GRIFFITH AIRPORT AWS,NSW,0,-34.25,146.07,134
75160,HAY (NOONAMAH),NSW,0,-34.22,144.45,80
75177,HILLSTON AIRPORT COMPARISON,NSW,0,-33.49,145.53,119
75178,MERRIWAGGA (OLD SCHOOL CARAVAN PARK) COM,NSW,0,-33.81,145.63,179
75180,LAKE CARGELLIGO AIRPORT COMPARISON,NSW,0,-33.28,146.37,179
76006,TUTYE (BUNUROUK) COMPARISON,VIC,0,-35.29,141.49,60
76031,MILDURA AIRPORT,VIC,0,-34.24,142.09,50
76064,WALPEUP RESEARCH,VIC,0,-35.12,142,105
76136,ROBINVALE (KYNDALYN PARK COMPARISON),VIC,0,-34.72,142.93,67
77010,HOPETOUN AIRPORT,VIC,0,-35.72,142.36,77
77011,WAGON FLAT,VIC,0,-35.87,141.39,135
77094,SWAN HILL AERODROME,VIC,0,-35.38,143.54,71
77097,YAAPEET,VIC,0,-35.69,142,80
77098,RAINBOW RADAR RAIN GAUGE,VIC,0,-36,142.01,115
77099,RAINBOW (PIGICK COMPARISON),VIC,0,-35.87,141.82,91
77100,BIRCHIP (MARLBED COMPARISON),VIC,0,-35.8,142.88,90
78015,NHILL AERODROME,VIC,0,-36.31,141.65,139
78018,KELLALAC (WARRACKNABEAL AIRPORT),VIC,0,-36.32,142.42,118
78030,TELOPEA DOWNS (MEENGO RAIN GAUGE),VIC,0,-36.08,141.1,142
78032,GERANG GERUNG (COMPARISON),VIC,0,-36.4,141.88,135
78073,KANIVA COMPARISON,VIC,0,-36.37,141.24,142
78082,WARRACKNABEAL (EARLSTAN COMPARISON),VIC,0,-36.27,142.22,119
78087,YANAC NORTH COMPARISON,VIC,0,-36.11,141.46,135
78088,DONALD COMPARISON,VIC,0,-36.36,143,115
79011,EDENHOPE (ELIZABETH ST),VIC,0,-37.03,141.28,159
79028,LONGERENONG,VIC,0,-36.67,142.3,133
79099,EDENHOPE AIRPORT,VIC,0,-37.02,141.27,155
79100,HORSHAM AERODROME,VIC,0,-36.67,142.17,134
79102,MAROO WEST (WARRANOOKE (GLENORCHY) COMPA,VIC,0,-36.73,142.73,150
79105,STAWELL AERODROME,VIC,0,-37.07,142.74,235
79109,PATYAH (BOOROOPKI COMPARISON),VIC,0,-36.81,141.26,139
80015,ECHUCA AERODROME,VIC,0,-36.16,144.76,96
80023,KERANG,VIC,0,-35.75,143.94,78
80049,ROCHESTER,VIC,0,-36.36,144.71,114
80056,TONGALA,VIC,0,-36.25,144.96,104
80091,KYABRAM,VIC,0,-36.34,145.06,105
80128,CHARLTON,VIC,0,-36.28,143.33,132
80132,KERANG AIRPORT,VIC,0,-35.75,143.94,77
81019,NAGAMBIE (GOULBURN WEIR),VIC,0,-36.72,145.17,122
81049,TATURA INST SUSTAINABLE AG,VIC,0,-36.44,145.27,114
81063,AVOCA,VIC,0,-37.08,143.48,213
81083,EPPALOCK RESERVOIR,VIC,0,-36.85,144.53,201
81087,BUNGEET (HIGHLANDS),VIC,0,-36.26,146.04,274
81123,BENDIGO AIRPORT,VIC,0,-36.74,144.33,209
81124,YARRAWONGA,VIC,0,-36.03,146.03,129
81125,SHEPPARTON AIRPORT,VIC,0,-36.43,145.39,114
81127,AVOCA RIVER AT ARCHDALE JUNCTION,VIC,0,-36.89,143.5,-999
82039,RUTHERGLEN RESEARCH,VIC,0,-36.1,146.51,175
82042,STRATHBOGIE,VIC,0,-36.85,145.73,501
82056,WODONGA,VIC,0,-36.12,146.91,156
82084,BOHO (HONEYSUCKLE CK U/S VIOLET TOWN),VIC,0,-36.71,145.76,330
82105,WHITFIELD (KING RIVER AT CHESHUNT),VIC,0,-36.83,146.4,293
82106,MIITA MITTA RIVER @ TALLANDOON,VIC,0,-36.41,147.23,280
82112,OVENS RIVER @ EUROBIN,VIC,0,-36.65,146.86,-999
82116,MYRRHEE (BOGGY CK AT ANGLESIDE),VIC,0,-36.61,146.36,-999
82128,HURDLE CK AT BOBINAWARRAH,VIC,0,-36.51,146.45,-999
82138,WANGARATTA AERO,VIC,0,-36.42,146.31,153
82139,HUNTERS HILL,VIC,0,-36.21,147.54,981
82142,TOLMIE (MOUNT TABLETOP REPEATER),VIC,0,-36.95,146.22,915
82143,SHEANS CREEK (HERONSLEA),VIC,0,-36.79,145.66,220
82144,KELVIN VIEW (WATERHOUSE RESERVOIR),VIC,0,-36.82,145.64,300
82145,GOORAM (HILLSIDE),VIC,0,-36.88,145.58,255
82146,GOORAM (MORELLA),VIC,0,-36.93,145.58,320
82147,MERTON (ENDERLEE),VIC,0,-36.92,145.68,495
82148,TOO ROUR (MOROKO PARK),VIC,0,-36.83,145.85,590
82149,EUROA (CASTLE CK AT TELFORD BRIDGE),VIC,0,-36.79,145.57,190
82153,KITHBROOK (BALQUHAIN),VIC,0,-36.82,145.71,580
82154,SEVEN CREEKS AT D/S POLLY MCQUINNS WEIR,VIC,0,-36.89,145.68,440
82155,HOLLAND CK AT WRIGHTLEY,VIC,0,-36.82,146.13,430
82156,MYRHEE (HANDCOCKS),VIC,0,-36.79,146.28,-999
82158,EDI UPPER (BLACK RANGE TROUT FARM),VIC,0,-36.75,146.54,-999
82162,ROSEWHITE FLD,VIC,0,-36.58,146.82,253
82166,BLOOMFIELD PARK (EVERTON),VIC,0,-36.42,146.56,251
82167,GRETA WEST,VIC,0,-36.53,146.22,174
82170,BENALLA AIRPORT,VIC,0,-36.55,146,171
83000,ARCHERTON,VIC,0,-36.91,146.24,907
83058,HALLS (BUCKLAND RIVER AT TWELVE MILE),VIC,0,-36.85,146.86,500
83084,FALLS CREEK,VIC,0,-36.87,147.28,1765
83090,OMEO,VIC,0,-37.1,147.6,690
83094,HOWITT PLAINS (HIGH RIDGE),VIC,0,-37.22,146.6,1600
84016,GABO ISLAND LIGHTHOUSE,VIC,0,-37.57,149.92,15
84084,MALLACOOTA,VIC,0,-37.6,149.73,22
84118,WONNANGATTA RIVER @ WATERFORD,VIC,0,-37.49,147.17,200
84126,SNOWY RIVER AT MCKILLOPS BRIDGE,VIC,0,-37.08,148.41,-999
84128,WEERAGUA (CANN RIVER (EAST BRANCH) AT CH,VIC,0,-37.36,149.21,240
84142,GELANTIPY,VIC,0,-37.22,148.26,755
84143,COMBIENBAR AWS,VIC,0,-37.34,149.02,640
84144,MOUNT NOWA NOWA,VIC,0,-37.69,148.09,350
84145,ORBOST,VIC,0,-37.69,148.47,63
84147,BAIRNSDALE (MITCHELL RIVER @ ROSEHILL),VIC,0,-37.82,147.57,20
84150,LAKES ENTRANCE (EASTERN BEACH ROAD),VIC,0,-37.87,148.01,4
84152,MOUNT DELEGATE,VIC,0,-37.11,148.9,-999
85034,GLENMAGGIE WEIR,VIC,0,-37.91,146.8,91
85072,EAST SALE,VIC,0,-38.12,147.13,5
85168,BRIAGOLONG,VIC,0,-37.83,147.08,68
85270,MITCHELL RIVER @ GLENALADALE,VIC,0,-37.76,147.37,40
85279,BAIRNSDALE AIRPORT,VIC,0,-37.88,147.57,49
85281,TRARALGON CREEK AT KOORNALLA,VIC,0,-38.32,146.53,90
85296,MOUNT MOORNAPA,VIC,0,-37.75,147.14,480
85302,TAMBORITHA-MOROKA (SNOWY RANGE),VIC,0,-37.29,146.72,-999
86020,CHELTENHAM (HEATHERTON (KINGSTON CENTRE),VIC,0,-37.96,145.08,39
86077,MOORABBIN AIRPORT,VIC,0,-37.98,145.1,12
86117,TOOROURRONG RESERVOIR (TOOROURRONG),VIC,0,-37.48,145.15,219
86131,YAN YEAN,VIC,0,-37.56,145.13,198
86282,MELBOURNE AIRPORT,VIC,0,-37.67,144.83,113
86305,GREENVALE RESERVOIR,VIC,0,-37.64,144.91,156
86383,COLDSTREAM,VIC,0,-37.72,145.41,83
86388,FRANKSTON (BALLAM PARK),VIC,0,-38.15,145.16,59
87031,LAVERTON RAAF,VIC,0,-37.86,144.76,20
87113,AVALON AIRPORT,VIC,0,-38.03,144.48,11
87185,POINT COOK RAAF,VIC,0,-37.93,144.76,3
88001,ALEXANDRA (POST OFFICE),VIC,0,-37.19,145.71,221
88009,CAIRN CURRAN RESERVOIR,VIC,0,-36.99,143.97,219
88010,WILLOWMAVIN (AVALON STATION),VIC,0,-37.25,144.86,381
88023,LAKE EILDON,VIC,0,-37.23,145.91,230
88043,MARYBOROUGH,VIC,0,-37.06,143.73,249
88051,REDESDALE,VIC,0,-37.02,144.52,290
88060,KINGLAKE WEST (WALLABY CREEK),VIC,0,-37.45,145.21,488
88064,MOLLISONS CK AT PYALONG,VIC,0,-37.12,144.86,247
88103,MARYSVILLE GOLF COURSE,VIC,0,-37.5,145.75,400
88109,MANGALORE AIRPORT,VIC,0,-36.89,145.19,141
88119,ACHERON RIVER @ TAGGERTY,VIC,0,-37.32,145.72,-999
88126,GOULBURN RIVER @ SEYMOUR,VIC,0,-37.02,145.11,140
88162,WALLAN (KILMORE GAP),VIC,0,-37.38,144.97,528
88164,EILDON FIRE TOWER,VIC,0,-37.21,145.84,637
88166,PUCKAPUNYAL WEST (DEFENCE),VIC,0,-37.02,144.85,293
88167,PUCKAPUNYAL LYON HILL (DEFENCE),VIC,0,-36.94,145.05,193
89033,WICKLIFFE,VIC,0,-37.69,142.73,222
89085,ARARAT PRISON,VIC,0,-37.28,142.98,295
89112,WESTMERE,VIC,0,-37.71,142.94,226
90184,CAPE NELSON LIGHTHOUSE,VIC,0,-38.43,141.54,45
90194,DARTMOOR,VIC,0,-37.92,141.26,51
92114,FRIENDLY BEACHES,TAS,0,-42,148.28,55
92141,GRAY (DALMAYNE RD),TAS,0,-41.63,148.23,384
92148,SWANSEA (FRANCIS STREET),TAS,0,-42.14,148.07,19
109501,MOUNT WILLIAM,WA,0,-32.94,116.02,484
109507,FERGUSON VALLEY ALERT,WA,0,-33.44,115.85,160
109508,DOYLE ROAD CB1,WA,0,-33.74,115.34,33
109509,CHAPMAN HILL ROAD CB2,WA,0,-33.74,115.35,29
109513,MUMBALLUP ORGANICS,WA,0,-33.54,116.12,246
109516,BODDINGTON NORTH,WA,0,-32.78,116.48,216
109518,PRESTON VALE VINEYARD,WA,0,-33.56,116.04,109
109521,WITCHCLIFFE WEST,WA,0,-34.03,115.06,85
123700,INGLEWOOD,SA,0,-34.81,138.77,372
140007,REDLAND (ALEXANDRA HILLS),QLD,0,-27.54,153.24,51
140008,CANUNGRA (DEFENCE),QLD,0,-28.04,153.19,108
140009,GREENBANK (DEFENCE),QLD,0,-27.69,152.99,42
140010,TIN CAN BAY (DEFENCE),QLD,0,-25.94,152.96,31
140024,WILLOWBANK,QLD,0,-27.7,152.69,31
200001,MIDDLE PERCY ISLAND,QLD,0,-21.66,150.27,209
200100,VARANUS ISLAND,WA,0,-20.66,115.58,24
200283,WILLIS ISLAND,QLD,0,-16.29,149.97,9
200288,NORFOLK ISLAND AERO,NSW,0,-29.04,167.94,112
200731,POINT FAWCETT,NT,0,-11.76,130.03,7
200786,CAPE WESSEL,NT,0,-11,136.76,18
200790,CHRISTMAS ISLAND AERO,WA,0,-10.45,105.69,261
200839,LORD HOWE ISLAND AERO,NSW,0,-31.54,159.08,5
300017,CASEY,ANT,0,-66.28,110.52,40
